CS2,ДЗ,Павлоград,0.05,0.09,0.08,0.04,0.09,3.48,2.2,3.83,3.41,3.13,1.62,5.17,3.82,5.48,2.97,4.52,2.24,5.5,2.42,4.66,4
CS1,ДЗ,Павлоград,0.05,0.09,0.08,0.04,0.09,1.84,2.99,3.12,4.69,2.35,3.07,2.32,4.39,4.77,2.27,1.81,3.77,2.9,5.12,2.44,3
CS0,ДЗ,Павлоград,0.05,0.09,0.08,0.04,0.09,2.68,2.25,3.8,5.42,4.81,1.57,5.91,3.58,2.97,4.85,3.47,4.06,5.49,1.87,3.63,0
CS2,ДЗ,Павлоград,0.05,0.09,0.08,0.04,0.09,4.9,3.56,3.45,3.47,3.78,4.15,5.87,2.03,4.92,3.27,3.09,5.84,2.65,5.27,3.2,4
CS0,ДЗ,Павлоград,0.05,0.09,0.08,0.04,0.09,1.02,5.35,2.75,3.91,1.29,1.12,4.81,5.76,2.27,3.18,1.77,5.04,2.28,3.98,3.64,0
CS0,ДЗ,Павлоград,0.05,0.09,0.08,0.04,0.09,2.4,5.72,5.53,2.69,2.76,3.26,1.22,4.24,1.02,5.58,3.4,3.02,4.06,5.78,5.3,0
CS0,ДЗ,Павлоград,0.05,0.09,0.08,0.04,0.09,2.81,3.87,3.46,2.24,2.33,2.03,1.46,5.59,2.82,5.8,2.32,3.87,4.68,2.91,1.51,0
CS0,ДЗ,Павлоград,0.05,0.09,0.08,0.04,0.09,5.71,5.57,1.61,3.19,5.15,1.74,1.81,4.99,1.48,5.23,4.8,4.06,5.49,5.29,3.7,0
CS1,ДЗ,Павлоград,0.05,0.09,0.08,0.04,0.09,1.3,4.38,1.32,1.53,3.92,3.84,3.07,3.88,1.87,3.63,1.29,5.08,4.75,5.32,3.53,3
CS2,ДЗ,Павлоград,0.05,0.09,0.08,0.04,0.09,5.5,5.53,2.71,2.43,2.69,5.56,3.48,4.98,2.23,1.83,4.47,1.23,5.76,2.14,3.26,4
CS2,ДЗ,Павлоград,0.05,0.09,0.08,0.04,0.09,4.15,1.16,2.41,4.46,4.16,3.49,2.32,2.4,1.99,4.45,3.8,5.0,5.04,2.7,1.25,4
CS1,ДЗ,Павлоград,0.05,0.09,0.08,0.04,0.09,2.51,1.47,1.75,3.64,1.75,5.68,5.08,2.35,1.52,4.05,1.49,2.98,1.46,3.12,1.54,3
CS1,ДЗ,Павлоград,0.05,0.09,0.08,0.04,0.09,1.23,4.99,2.03,5.89,2.41,5.5,1.68,1.57,3.2,5.44,3.22,5.08,1.08,1.63,5.17,3
CS0,ДЗ,Павлоград,0.05,0.09,0.08,0.04,0.09,3.41,4.97,4.48,3.15,4.83,1.58,5.33,4.24,2.88,5.18,1.91,4.74,2.47,2.81,2.3,0
CS1,ДЗ,Павлоград,0.05,0.09,0.08,0.04,0.09,3.22,5.72,2.18,2.91,1.28,2.61,5.37,1.1,3.56,1.74,5.01,5.41,1.22,2.81,5.35,3
CS1,ДЗ,Павлоград,0.05,0.09,0.08,0.04,0.09,2.37,4.7,3.35,5.88,4.92,3.79,4.22,2.27,2.65,2.35,1.18,2.39,2.73,2.44,4.88,3
CS0,ДЗ,Павлоград,0.05,0.09,0.08,0.04,0.09,5.66,5.27,4.26,4.34,2.37,5.41,4.34,5.15,5.88,3.19,1.29,3.32,5.53,1.46,5.08,0
CS2,ДЗ,Павлоград,0.05,0.09,0.08,0.04,0.09,3.99,2.12,1.56,3.68,5.68,3.14,1.01,4.89,1.78,3.0,2.6,2.73,1.08,5.29,5.04,4
CS1,ДЗ,Павлоград,0.05,0.09,0.08,0.04,0.09,4.46,3.34,3.17,2.76,3.98,1.6,2.83,1.84,5.01,5.73,4.67,4.5,5.47,3.41,1.13,3
CS2,ДЗ,Павлоград,0.05,0.09,0.08,0.04,0.09,3.07,2.44,4.35,1.3,1.65,3.38,4.68,3.52,3.2,1.21,2.24,3.52,3.26,2.12,2.12,4
CS0,ДЗ,Павлоград,0.05,0.09,0.08,0.04,0.09,4.14,5.94,1.2,3.35,4.4,5.17,1.41,5.88,4.36,4.39,4.16,5.9,1.71,2.49,4.73,0
CS0,ДЗ,Павлоград,0.05,0.09,0.08,0.04,0.09,1.49,5.7,3.87,1.64,3.87,5.38,2.81,4.7,3.96,5.0,3.5,5.75,5.18,5.96,5.32,0
CS2,ДЗ,Павлоград,0.05,0.09,0.08,0.04,0.09,3.11,1.45,3.92,1.93,2.15,3.3,3.9,5.56,4.95,5.82,1.47,2.74,4.69,2.98,4.2,4
CS0,ДЗ,Павлоград,0.05,0.09,0.08,0.04,0.09,5.76,1.63,4.1,3.84,1.53,1.56,4.97,1.29,5.1,1.33,4.39,2.83,3.15,5.12,5.63,0
CS0,ДЗ,Павлоград,0.05,0.09,0.08,0.04,0.09,1.41,1.58,5.37,4.57,4.06,5.69,4.53,2.14,4.03,3.89,1.51,4.72,4.66,4.18,3.12,0
CS2,ДЗ,Павлоград,0.05,0.09,0.08,0.04,0.09,1.58,3.11,5.79,3.13,3.47,3.24,5.18,4.93,5.14,5.83,3.35,5.29,2.63,1.15,1.84,4
CS0,ДЗ,Павлоград,0.05,0.09,0.08,0.04,0.09,1.85,2.9,1.88,5.22,4.67,4.51,5.69,3.78,1.1,5.66,4.61,2.93,4.32,4.43,4.25,0
CS0,ДЗ,Павлоград,0.05,0.09,0.08,0.04,0.09,3.9,4.2,1.88,2.67,4.59,3.64,3.93,1.2,2.47,3.61,1.15,4.6,1.7,2.17,1.51,0
CS2,ДЗ,Павлоград,0.05,0.09,0.08,0.04,0.09,4.8,1.42,4.26,5.29,4.7,3.48,5.6,1.52,2.04,5.8,2.21,3.01,3.29,1.09,2.07,4
CS0,ДЗ,Павлоград,0.05,0.09,0.08,0.04,0.09,3.08,2.26,1.05,3.53,1.39,2.58,5.83,4.62,2.6,1.27,1.39,2.02,2.16,4.59,5.3,0
CS2,ДЗ,Павлоград,0.05,0.09,0.08,0.04,0.09,4.72,5.66,1.87,1.6,4.59,1.06,4.85,3.2,1.03,2.24,2.94,3.11,1.51,2.14,3.84,4
CS2,ДЗ,Павлоград,0.05,0.09,0.08,0.04,0.09,4.79,5.92,4.51,5.01,2.11,3.41,2.07,5.46,3.31,3.73,1.64,4.61,5.32,4.54,3.93,4
CS2,ДЗ,Павлоград,0.05,0.09,0.08,0.04,0.09,1.96,4.91,4.76,4.01,2.35,2.15,1.71,1.93,4.85,1.4,2.89,3.41,2.34,2.9,2.17,4
CS2,ДЗ,Павлоград,0.05,0.09,0.08,0.04,0.09,2.37,4.44,3.73,3.67,5.53,1.73,5.74,2.43,4.56,2.55,1.04,3.38,4.81,5.61,1.34,4
CS0,ДЗ,Павлоград,0.05,0.09,0.08,0.04,0.09,1.83,5.96,2.83,1.58,5.47,2.6,1.06,3.76,2.04,1.86,2.41,1.06,5.74,3.12,4.47,0
CS2,ДЗ,Павлоград,0.05,0.09,0.08,0.04,0.09,3.82,5.0,1.03,4.52,4.46,5.82,1.2,3.3,1.81,4.46,4.01,3.66,3.82,5.17,5.84,4
CS1,ДЗ,Павлоград,0.05,0.09,0.08,0.04,0.09,4.6,5.49,2.57,5.45,1.07,4.71,2.31,2.16,3.38,2.73,5.42,1.23,1.03,1.4,5.24,3
CS2,ДЗ,Павлоград,0.05,0.09,0.08,0.04,0.09,3.89,3.09,5.26,1.5,2.02,5.11,5.37,2.11,5.8,6.0,3.66,4.14,3.46,4.75,1.7,4
CS1,ДЗ,Павлоград,0.05,0.09,0.08,0.04,0.09,3.83,3.59,1.07,2.14,5.34,2.18,2.64,1.88,1.83,5.86,4.14,5.73,5.52,4.52,3.9,3
CS1,ДЗ,Павлоград,0.05,0.09,0.08,0.04,0.09,3.73,1.76,5.65,1.95,3.04,3.04,3.41,3.66,3.32,1.58,5.92,3.76,2.39,2.83,2.56,3
CS2,ДЗ,Павлоград,0.05,0.09,0.08,0.04,0.09,1.38,1.49,4.21,3.99,3.8,4.37,1.39,2.31,2.97,3.74,5.04,3.13,2.71,3.27,1.11,4
CS2,ДЗ,Павлоград,0.05,0.09,0.08,0.04,0.09,2.62,5.25,4.47,1.98,4.86,2.65,4.5,3.14,4.88,1.5,1.45,1.59,5.4,1.65,5.47,4
CS1,ДЗ,Павлоград,0.05,0.09,0.08,0.04,0.09,2.25,2.91,5.58,3.46,4.85,1.81,4.26,5.41,2.87,3.52,4.42,1.47,1.98,4.86,3.49,3
CS2,ДЗ,Павлоград,0.05,0.09,0.08,0.04,0.09,5.56,4.77,5.48,5.42,1.08,4.07,3.61,5.41,4.66,1.94,3.41,3.08,4.25,1.48,1.28,4
CS1,ДЗ,Павлоград,0.05,0.09,0.08,0.04,0.09,4.13,5.05,2.91,3.59,4.45,4.35,2.95,1.46,2.82,5.64,4.75,3.23,1.83,3.6,3.67,3
CS1,ДЗ,Павлоград,0.05,0.09,0.08,0.04,0.09,5.18,3.0,1.3,1.88,2.45,4.03,3.32,1.75,4.39,3.77,3.77,5.86,2.24,4.28,2.47,3
CS2,ДЗ,Павлоград,0.05,0.09,0.08,0.04,0.09,3.17,4.3,2.35,4.75,4.0,3.28,3.93,4.56,2.97,5.28,1.23,5.88,4.97,3.3,2.22,4
CS2,ДЗ,Павлоград,0.05,0.09,0.08,0.04,0.09,1.55,1.15,4.91,4.29,1.34,1.4,3.83,1.6,1.74,5.76,5.99,3.9,5.73,5.87,2.49,4
CS0,ДЗ,Павлоград,0.05,0.09,0.08,0.04,0.09,4.81,5.99,1.87,4.04,4.96,4.18,5.12,3.48,5.48,1.72,1.7,4.92,5.01,4.11,5.83,0
CS1,ДЗ,Павлоград,0.05,0.09,0.08,0.04,0.09,4.28,3.81,5.72,4.43,2.14,4.13,5.43,4.85,1.85,2.76,2.56,3.64,2.51,3.89,1.17,3
CS0,ДЗ,Павлоград,0.05,0.09,0.08,0.04,0.09,2.79,2.17,2.85,5.6,5.32,4.31,2.05,5.13,3.96,4.16,5.2,1.14,2.29,4.66,1.66,0
CS1,ДЗ,Павлоград,0.05,0.09,0.08,0.04,0.09,2.57,4.64,1.16,1.35,5.21,4.66,4.76,5.0,3.22,5.64,4.98,3.81,5.12,3.04,3.27,3
CS1,ДЗ,Павлоград,0.05,0.09,0.08,0.04,0.09,1.89,3.08,3.64,2.08,4.33,4.93,1.68,1.35,2.55,2.29,3.55,2.82,4.79,2.02,4.67,3
CS1,ДЗ,Павлоград,0.05,0.09,0.08,0.04,0.09,5.12,4.24,5.15,4.76,1.88,3.96,1.43,2.86,1.87,2.18,4.73,1.82,3.92,3.36,5.85,3
CS0,ДЗ,Павлоград,0.05,0.09,0.08,0.04,0.09,2.11,1.89,5.46,4.11,3.27,2.17,1.79,4.63,3.21,1.9,5.05,3.24,4.27,2.23,4.5,0
CS1,ДЗ,Павлоград,0.05,0.09,0.08,0.04,0.09,2.11,1.72,1.99,3.6,3.38,2.66,4.87,2.19,2.68,3.27,5.03,2.18,1.35,3.95,1.13,3
CS0,ДЗ,Павлоград,0.05,0.09,0.08,0.04,0.09,3.44,5.62,5.09,2.33,5.91,4.06,5.01,2.52,1.24,2.89,4.25,1.32,4.88,1.24,4.55,0
CS1,ДЗ,Павлоград,0.05,0.09,0.08,0.04,0.09,4.3,5.82,1.89,5.49,5.74,4.06,1.44,2.55,3.38,2.24,2.66,2.22,5.34,5.51,3.54,3
CS1,ДЗ,Павлоград,0.05,0.09,0.08,0.04,0.09,5.16,3.48,3.48,3.69,4.43,4.32,3.32,4.06,2.95,2.14,5.79,3.57,1.3,5.04,4.56,3
CS0,ДЗ,Павлоград,0.05,0.09,0.08,0.04,0.09,2.78,1.07,3.64,3.28,1.2,3.16,3.8,5.68,5.85,3.61,3.05,3.56,2.67,2.48,4.32,0
CS1,ДЗ,Павлоград,0.09,0.09,0.08,0.07,0.13,1.45,5.42,5.51,5.0,3.9,3.78,1.52,4.69,2.19,2.38,2.4,3.12,5.93,5.44,3.47,2
CS1,ДЗ,Павлоград,0.09,0.09,0.08,0.08,0.13,1.46,2.58,1.7,2.92,1.44,3.28,4.98,1.35,3.26,3.58,5.78,4.07,4.71,1.98,4.83,2
CS1,ДЗ,Павлоград,0.09,0.09,0.08,0.08,0.13,3.92,3.3,3.18,2.99,5.23,4.52,5.1,3.32,2.47,5.61,2.4,3.17,2.43,4.91,4.26,2
CS1,ДЗ,Павлоград,0.09,0.09,0.08,0.08,0.13,2.15,4.09,4.24,4.26,4.11,2.09,2.89,4.09,1.85,4.42,3.1,4.42,2.34,2.85,1.97,2
CS1,ДЗ,Павлоград,0.09,0.09,0.08,0.08,0.13,2.27,5.52,4.95,5.25,5.01,4.86,2.5,3.73,1.44,2.14,1.13,2.07,4.26,4.14,3.82,2
CS1,ДЗ,Павлоград,0.09,0.09,0.08,0.08,0.13,4.54,4.14,1.2,1.42,1.82,2.91,4.77,2.07,2.23,3.29,4.43,1.75,2.97,1.4,1.37,2
CS1,ДЗ,Павлоград,0.09,0.09,0.08,0.08,0.13,1.16,3.5,5.42,3.31,2.4,3.47,5.37,3.47,3.05,2.96,5.97,3.47,4.24,2.54,2.76,2
CS1,ДЗ,Павлоград,0.09,0.09,0.08,0.08,0.13,2.45,2.89,2.5,3.47,2.72,4.3,3.08,2.22,1.52,5.43,1.2,4.78,5.77,3.63,5.93,2
CS1,ДЗ,Павлоград,0.09,0.09,0.08,0.08,0.13,3.08,1.95,5.05,5.12,1.26,3.96,2.96,1.05,4.68,2.41,4.24,3.41,4.11,4.81,2.22,2
CS1,ДЗ,Павлоград,0.09,0.09,0.08,0.08,0.13,4.94,5.2,2.34,2.8,4.38,1.53,3.52,3.71,2.12,3.22,4.84,4.26,4.95,4.91,3.55,2
CS1,ДЗ,Павлоград,0.09,0.09,0.08,0.08,0.13,5.0,4.9,4.02,3.0,3.9,3.82,4.98,3.18,3.51,2.66,4.27,2.83,1.44,1.31,4.5,2
CS1,ДЗ,Павлоград,0.09,0.09,0.08,0.08,0.13,2.97,2.9,3.37,5.33,3.45,3.24,5.35,2.71,5.61,1.72,1.36,4.6,5.9,3.08,4.05,2
CS1,ДЗ,Павлоград,0.09,0.09,0.08,0.08,0.13,1.48,3.71,2.77,2.23,4.6,3.13,4.96,3.89,4.73,1.38,5.78,5.35,5.76,1.48,1.84,2
CS1,ДЗ,Павлоград,0.09,0.09,0.08,0.08,0.13,1.96,4.57,4.2,3.11,3.37,2.81,5.86,4.52,2.52,1.39,3.88,2.47,2.13,5.24,2.48,2
CS1,ДЗ,Павлоград,0.09,0.09,0.08,0.08,0.13,3.37,1.83,3.24,5.12,1.66,3.38,1.92,2.72,1.89,5.46,4.75,1.33,5.02,5.75,2.56,2
CS1,ДЗ,Павлоград,0.09,0.09,0.08,0.08,0.13,1.39,2.88,3.26,1.51,1.25,3.38,4.04,2.66,1.44,3.58,4.73,5.44,2.71,1.61,2.4,2
CS1,ДЗ,Павлоград,0.09,0.09,0.08,0.08,0.13,3.63,2.93,1.54,4.13,5.44,3.72,5.52,5.81,1.07,4.6,4.25,4.6,2.33,4.34,5.45,2
CS1,ДЗ,Павлоград,0.09,0.09,0.08,0.08,0.13,5.22,1.24,4.38,2.37,3.78,1.56,5.13,2.46,4.76,5.23,5.63,5.98,3.82,4.56,2.01,2
CS1,ДЗ,Павлоград,0.09,0.09,0.08,0.08,0.13,1.3,2.82,3.1,4.97,4.46,2.03,2.56,5.72,5.89,4.08,1.78,3.49,1.53,3.99,2.63,2
CS1,ДЗ,Павлоград,0.09,0.09,0.08,0.08,0.13,1.12,2.17,1.4,3.59,3.45,2.36,1.48,4.5,5.47,1.89,4.09,4.81,5.5,4.63,2.2,2
CS0,ДЗ,Павлоград,0.09,0.09,0.09,0.08,0.13,1.62,4.57,3.02,4.69,2.16,5.49,4.27,4.13,2.52,1.12,3.82,1.52,4.61,2.93,2.27,1
CS0,ДЗ,Павлоград,0.1,0.09,0.09,0.08,0.13,4.84,5.83,4.51,2.55,1.94,1.15,2.53,4.62,5.36,5.17,1.31,3.0,3.08,4.66,5.43,1
CS0,ДЗ,Павлоград,0.1,0.09,0.09,0.08,0.13,2.27,4.59,1.04,1.89,3.34,1.22,1.82,2.32,3.46,5.99,2.46,1.74,4.93,1.09,5.41,1
CS0,ДЗ,Павлоград,0.1,0.09,0.09,0.08,0.13,3.71,3.27,5.58,1.93,3.84,4.29,4.53,1.65,5.94,3.64,3.83,5.9,3.45,2.75,2.55,1
CS0,ДЗ,Павлоград,0.1,0.09,0.09,0.08,0.13,5.56,5.24,3.56,3.56,2.04,2.94,5.03,2.53,5.2,1.12,4.93,1.26,2.9,2.85,2.2,1
CS0,ДЗ,Павлоград,0.1,0.09,0.09,0.08,0.13,5.48,5.68,3.32,4.52,4.24,3.62,1.26,4.96,5.74,4.31,3.4,3.63,5.43,3.87,2.18,1
CS0,ДЗ,Павлоград,0.1,0.09,0.09,0.08,0.13,4.5,3.41,2.77,5.79,1.81,2.06,4.29,1.3,2.78,3.29,4.95,4.0,2.06,1.71,3.67,1
CS0,ДЗ,Павлоград,0.1,0.09,0.09,0.08,0.13,2.53,4.46,4.19,5.16,3.9,4.76,2.1,4.95,5.61,2.35,2.44,3.4,3.26,5.72,5.0,1
CS0,ДЗ,Павлоград,0.1,0.09,0.09,0.08,0.13,4.17,4.98,2.04,1.84,4.82,3.26,4.34,4.39,4.4,5.37,3.54,4.47,1.98,2.66,5.9,1
CS0,ДЗ,Павлоград,0.1,0.09,0.09,0.08,0.13,4.34,2.4,2.09,5.72,5.74,5.02,2.72,4.78,2.27,3.7,1.79,4.09,3.49,2.1,1.03,1
CS0,ДЗ,Павлоград,0.1,0.09,0.09,0.08,0.13,2.36,3.64,1.3,2.26,3.15,4.28,2.92,3.91,3.61,2.21,5.96,1.92,2.16,3.18,1.5,1
CS0,ДЗ,Павлоград,0.1,0.09,0.09,0.08,0.13,3.41,5.3,1.19,1.01,3.79,4.38,2.17,2.03,5.81,4.26,5.44,3.23,5.24,1.47,5.14,1
CS0,ДЗ,Павлоград,0.1,0.09,0.09,0.08,0.13,5.06,1.25,1.31,4.21,1.2,2.49,1.51,3.35,4.05,5.74,3.63,1.09,3.76,1.28,5.21,1
CS0,ДЗ,Павлоград,0.1,0.09,0.09,0.08,0.13,4.99,4.36,5.53,3.57,3.73,4.16,1.68,5.46,3.98,2.39,4.61,3.71,4.52,1.04,5.77,1
CS0,ДЗ,Павлоград,0.1,0.09,0.09,0.08,0.13,1.2,4.22,4.5,5.25,5.38,5.31,2.69,2.53,3.83,3.59,5.76,1.32,5.97,5.36,2.99,1
CS0,ДЗ,Павлоград,0.1,0.09,0.09,0.08,0.13,3.99,5.74,4.34,2.9,1.98,5.28,2.19,5.59,3.33,3.81,1.06,1.0,4.25,5.05,4.96,1
CS0,ДЗ,Павлоград,0.1,0.09,0.09,0.08,0.13,5.29,1.1,1.99,5.21,2.64,2.85,5.95,1.95,3.14,3.83,5.78,3.64,1.27,3.11,4.06,1
CS0,ДЗ,Павлоград,0.1,0.09,0.09,0.08,0.13,4.44,3.32,1.88,5.96,5.7,5.99,1.36,1.83,4.85,1.44,1.72,2.23,3.18,2.36,2.51,1
CS0,ДЗ,Павлоград,0.1,0.09,0.09,0.08,0.13,1.82,5.65,2.29,3.59,5.53,3.6,1.5,4.51,5.9,3.87,1.37,5.69,3.58,1.58,2.97,1
CS0,ДЗ,Павлоград,0.1,0.09,0.09,0.08,0.13,2.18,4.21,4.18,5.15,3.9,2.94,4.19,4.88,5.37,2.28,1.55,5.43,4.1,2.22,2.13,1
CS2,ДЗ,Мик-вка,0.1,0.09,0.09,0.08,0.13,4.87,1.76,2.61,3.21,2.06,4.56,3.83,4.35,4.86,5.43,4.47,4.02,1.05,5.56,3.24,4
CS1,ДЗ,Мик-вка,0.1,0.09,0.09,0.08,0.13,4.32,3.8,5.83,4.13,3.86,1.04,2.58,4.56,2.86,2.88,4.08,3.64,4.8,4.2,4.66,3
CS2,ДЗ,Мик-вка,0.1,0.09,0.09,0.08,0.13,2.38,4.57,2.34,1.95,4.87,3.0,2.8,3.56,5.36,5.64,5.81,5.43,5.58,3.77,3.23,4
CS2,ДЗ,Мик-вка,0.1,0.09,0.09,0.08,0.13,5.1,4.95,3.77,1.54,4.45,5.6,5.3,2.24,1.31,4.86,2.77,5.87,5.35,4.36,5.66,4
CS0,ДЗ,Мик-вка,0.1,0.09,0.09,0.08,0.13,4.32,1.83,5.12,4.47,4.16,4.68,4.39,3.97,4.6,3.74,4.2,3.78,5.06,2.21,3.52,1
CS1,ДЗ,Мик-вка,0.1,0.09,0.09,0.08,0.13,4.73,2.26,4.15,1.3,5.32,5.9,1.7,3.63,1.69,3.78,5.12,1.47,2.03,5.76,2.75,3
CS2,ДЗ,Мик-вка,0.1,0.09,0.09,0.08,0.13,2.09,4.6,5.2,3.59,5.91,3.2,1.53,3.84,5.2,4.02,4.07,5.9,4.51,4.11,4.35,4
CS0,ДЗ,Мик-вка,0.1,0.09,0.09,0.08,0.13,3.1,1.77,5.52,5.46,5.11,3.1,5.55,4.38,1.93,4.76,2.21,3.2,4.01,4.55,5.44,1
CS0,ДЗ,Мик-вка,0.1,0.09,0.09,0.08,0.13,5.76,1.59,2.59,1.07,5.39,1.37,5.64,1.7,5.38,5.39,4.99,4.53,2.5,1.04,2.79,1
CS0,ДЗ,Мик-вка,0.1,0.09,0.09,0.08,0.13,3.31,2.03,3.59,3.01,2.22,4.35,3.75,4.92,4.94,5.81,5.18,2.14,5.74,2.28,4.65,1
CS2,ДЗ,Мик-вка,0.1,0.09,0.09,0.08,0.13,5.42,5.06,3.38,5.19,1.28,1.16,3.53,5.69,4.41,4.62,3.92,4.5,2.96,1.25,4.79,4
CS2,ДЗ,Мик-вка,0.1,0.09,0.09,0.08,0.13,2.94,3.62,2.34,2.37,3.28,3.86,1.68,3.87,4.26,1.99,5.72,5.48,4.43,2.22,5.33,4
CS2,ДЗ,Мик-вка,0.1,0.09,0.09,0.08,0.13,3.23,5.2,1.93,3.8,2.8,5.18,4.56,4.97,5.12,5.78,2.45,4.02,2.42,4.02,3.06,4
CS0,ДЗ,Мик-вка,0.1,0.09,0.09,0.08,0.13,2.97,5.0,4.09,1.55,5.36,3.54,3.06,3.72,1.79,5.88,2.42,4.16,2.61,4.74,2.33,1
CS2,ДЗ,Мик-вка,0.1,0.09,0.09,0.08,0.13,3.3,1.64,1.36,3.79,4.95,2.26,5.32,1.17,5.75,3.34,3.47,2.3,1.57,5.07,2.37,4
CS0,ДЗ,Мик-вка,0.1,0.09,0.09,0.08,0.13,4.73,5.36,5.8,1.21,3.95,4.19,4.09,5.5,2.12,3.07,1.71,1.96,1.99,1.66,3.76,1
CS0,ДЗ,Мик-вка,0.1,0.09,0.09,0.08,0.13,1.0,1.65,4.05,2.82,5.87,1.22,4.37,5.1,5.24,5.68,4.6,1.93,4.5,1.56,4.35,1
CS0,ДЗ,Мик-вка,0.1,0.09,0.09,0.08,0.13,4.17,5.95,1.12,5.6,1.81,1.84,2.18,3.62,4.16,2.48,3.33,3.53,4.84,5.4,1.88,1
CS2,ДЗ,Мик-вка,0.1,0.09,0.09,0.08,0.13,2.22,3.01,4.31,3.92,4.15,3.9,5.45,2.84,3.02,4.38,2.3,2.15,5.41,2.93,3.53,4
CS0,ДЗ,Мик-вка,0.1,0.09,0.09,0.08,0.13,2.29,4.86,2.37,1.54,4.62,2.84,3.15,1.11,1.31,1.61,1.29,5.67,5.31,1.13,1.67,1
CS0,ДЗ,Мик-вка,0.1,0.09,0.09,0.08,0.13,2.19,3.23,2.57,5.44,3.66,2.54,5.13,2.2,5.15,4.15,5.22,1.54,2.14,3.85,4.46,1
CS0,ДЗ,Мик-вка,0.1,0.09,0.09,0.08,0.13,4.26,1.1,4.17,3.06,1.93,2.73,4.56,1.21,4.82,2.01,4.99,3.58,5.21,3.06,1.45,1
CS0,ДЗ,Мик-вка,0.1,0.09,0.09,0.08,0.13,1.99,1.02,5.47,2.08,2.45,2.58,3.27,2.5,3.92,3.25,4.17,3.55,1.5,1.35,2.88,1
CS2,ДЗ,Мик-вка,0.1,0.09,0.09,0.08,0.13,4.37,3.33,4.86,1.17,2.31,1.97,4.07,4.64,4.58,2.52,3.66,2.54,1.93,2.58,2.53,4
CS2,ДЗ,Мик-вка,0.1,0.09,0.09,0.08,0.13,2.19,3.22,5.36,3.07,5.26,2.06,2.68,2.79,1.14,4.38,2.1,2.52,4.32,5.39,5.45,4
CS0,ДЗ,Мик-вка,0.1,0.09,0.09,0.08,0.13,4.03,2.53,3.54,1.8,5.32,4.97,5.57,1.45,2.71,2.9,5.91,2.61,2.88,3.74,2.2,1
CS1,ДЗ,Мик-вка,0.1,0.09,0.09,0.08,0.13,1.18,3.66,5.07,3.53,4.28,3.67,4.42,1.24,2.89,3.42,2.75,5.96,3.65,2.71,4.21,3
CS0,ДЗ,Мик-вка,0.1,0.09,0.09,0.08,0.13,2.41,3.21,5.14,4.85,2.98,5.81,2.86,3.85,4.28,3.06,1.08,2.96,5.9,5.68,4.3,1
CS2,ДЗ,Мик-вка,0.1,0.09,0.09,0.08,0.13,5.45,3.66,2.97,4.3,2.44,1.74,3.8,1.01,2.37,5.93,5.22,4.62,3.81,2.9,3.92,4
CS0,ДЗ,Мик-вка,0.1,0.09,0.09,0.08,0.13,1.03,2.08,2.38,2.27,1.45,3.75,3.78,4.61,2.18,1.51,2.82,5.42,2.14,1.59,3.99,1
CS0,ДЗ,Мик-вка,0.1,0.09,0.09,0.08,0.13,2.43,2.62,3.3,4.02,5.79,3.21,4.8,4.28,5.7,5.51,3.66,2.53,4.45,3.13,3.93,1
CS1,ДЗ,Мик-вка,0.1,0.09,0.09,0.08,0.13,4.4,2.54,5.21,5.65,5.02,5.42,4.47,3.99,2.6,5.34,1.06,4.92,4.31,5.41,4.77,3
CS2,ДЗ,Мик-вка,0.1,0.09,0.09,0.08,0.13,5.45,5.63,3.88,4.35,2.08,2.42,4.72,2.35,4.34,3.77,4.89,2.61,2.82,2.35,2.49,4
CS2,ДЗ,Мик-вка,0.1,0.09,0.09,0.08,0.13,2.27,1.77,4.37,3.27,4.22,4.3,3.5,3.65,2.02,2.4,2.64,2.97,2.1,1.64,4.47,4
CS1,ДЗ,Мик-вка,0.1,0.09,0.09,0.08,0.13,5.95,2.77,1.84,3.26,4.37,5.57,5.63,4.9,3.18,1.15,1.48,1.16,5.0,5.59,2.61,3
CS0,ДЗ,Мик-вка,0.1,0.09,0.09,0.08,0.13,4.31,5.15,4.55,5.35,3.02,1.88,3.08,2.42,2.87,2.22,1.06,5.25,2.67,1.92,2.73,1
CS2,ДЗ,Мик-вка,0.1,0.09,0.09,0.08,0.13,4.3,5.58,5.41,4.8,1.85,3.29,2.67,4.14,3.26,5.08,3.2,4.74,4.79,1.14,5.54,4
CS1,ДЗ,Мик-вка,0.1,0.09,0.09,0.08,0.13,3.19,5.37,3.71,2.94,4.62,1.26,2.14,5.93,1.58,2.72,1.01,5.53,2.83,5.96,1.55,3
CS1,ДЗ,Мик-вка,0.1,0.09,0.09,0.08,0.13,1.62,1.47,1.94,4.22,2.98,3.75,1.31,5.41,2.13,5.9,1.51,2.29,1.48,1.79,4.17,3
CS1,ДЗ,Мик-вка,0.1,0.09,0.09,0.08,0.13,3.16,2.21,1.11,5.35,4.95,3.51,4.06,4.65,3.74,4.36,4.11,4.23,2.83,5.27,5.3,3
CS1,ДЗ,Мик-вка,0.1,0.09,0.09,0.08,0.13,4.93,1.07,3.72,2.15,2.91,5.96,2.72,3.66,4.31,4.93,4.51,4.28,4.21,1.03,1.85,3
CS0,ДЗ,Мик-вка,0.1,0.09,0.09,0.08,0.13,4.58,5.96,2.47,4.39,2.95,4.37,3.83,1.43,1.5,1.68,1.13,5.95,1.03,2.5,2.29,1
CS1,ДЗ,Мик-вка,0.1,0.09,0.09,0.08,0.13,1.44,5.95,5.26,3.96,5.24,3.24,1.93,2.43,5.75,4.97,4.9,5.74,3.65,3.15,3.19,3
CS2,ДЗ,Мик-вка,0.1,0.09,0.09,0.08,0.13,3.39,3.29,1.11,4.06,4.24,4.64,3.66,3.45,1.13,1.75,2.84,3.19,4.04,3.84,5.61,4
CS2,ДЗ,Мик-вка,0.1,0.09,0.09,0.08,0.13,5.91,1.26,3.75,4.96,1.58,3.59,4.23,5.05,2.39,1.91,1.22,3.23,3.74,4.92,3.91,4
CS0,ДЗ,Мик-вка,0.1,0.09,0.09,0.08,0.13,3.92,3.05,5.76,4.88,5.97,1.09,4.12,5.44,5.24,1.77,1.56,3.13,4.64,2.39,2.42,1
CS1,ДЗ,Мик-вка,0.1,0.09,0.09,0.08,0.13,2.37,3.26,1.55,4.47,5.63,3.71,2.96,5.45,3.64,5.98,1.06,1.09,5.2,1.09,1.09,3
CS1,ДЗ,Мик-вка,0.1,0.09,0.09,0.08,0.13,5.1,5.62,4.49,2.06,5.18,4.25,5.9,3.06,3.62,2.66,5.15,5.99,2.82,4.9,3.06,3
CS0,ДЗ,Мик-вка,0.1,0.09,0.09,0.08,0.13,4.68,2.97,2.16,1.72,3.96,5.91,5.98,2.18,5.09,2.72,2.84,5.54,4.85,5.09,1.43,1
CS1,ДЗ,Мик-вка,0.1,0.09,0.09,0.08,0.13,2.86,5.05,2.93,3.58,1.98,3.14,2.87,3.87,1.01,4.92,4.41,1.12,1.71,2.73,3.1,3
CS1,ДЗ,Мик-вка,0.1,0.09,0.09,0.08,0.13,5.26,1.28,3.51,5.33,5.94,3.09,2.27,2.29,3.07,4.94,1.1,4.22,4.73,3.1,2.25,3
CS2,ДЗ,Мик-вка,0.1,0.09,0.09,0.08,0.13,4.52,5.05,1.67,4.35,5.66,4.42,5.11,2.66,2.51,5.49,1.59,5.83,2.79,3.64,1.43,4
CS1,ДЗ,Мик-вка,0.1,0.09,0.09,0.08,0.13,5.49,3.31,1.9,3.87,3.63,5.59,3.3,2.88,3.35,4.93,3.62,3.83,1.38,4.94,2.29,3
CS1,ДЗ,Мик-вка,0.1,0.09,0.09,0.08,0.13,5.74,1.72,1.7,5.8,5.23,5.67,3.12,1.02,3.15,2.84,2.84,3.52,5.42,3.86,3.05,3
CS1,ДЗ,Мик-вка,0.1,0.09,0.09,0.08,0.13,4.6,2.26,1.78,2.33,2.78,5.25,3.85,4.59,2.21,2.77,2.62,3.31,4.37,1.26,1.62,3
CS2,ДЗ,Мик-вка,0.1,0.09,0.09,0.08,0.13,4.27,1.1,4.76,2.11,4.1,5.16,2.6,5.73,4.44,2.48,3.52,3.73,4.87,4.32,3.26,4
CS2,ДЗ,Мик-вка,0.1,0.09,0.09,0.08,0.13,2.69,4.37,5.55,1.45,3.65,5.93,5.73,1.01,2.72,5.44,4.7,4.33,4.44,3.8,4.02,4
CS1,ДЗ,Мик-вка,0.1,0.09,0.09,0.08,0.13,3.54,5.22,1.65,2.23,2.1,4.52,5.97,2.25,3.96,4.34,2.44,5.06,3.47,3.18,2.09,3
CS1,ДЗ,Мик-вка,0.1,0.09,0.09,0.08,0.13,1.35,4.9,1.72,5.21,2.0,3.23,1.16,3.45,4.17,5.54,2.81,5.68,2.72,4.7,3.47,3
CS1,ДЗ,Мик-вка,0.1,0.09,0.09,0.08,0.13,2.65,4.67,4.92,3.49,5.11,1.0,3.11,4.15,2.07,2.3,1.39,1.93,2.44,5.39,5.78,3
CS0,ДЗ,Мик-вка,0.1,0.1,0.09,0.08,0.14,5.13,5.02,5.94,1.44,2.58,1.43,5.03,3.94,1.69,2.13,1.26,4.36,1.24,2.99,5.57,0
CS0,ДЗ,Мик-вка,0.1,0.1,0.09,0.08,0.14,2.37,5.88,3.65,2.42,4.89,2.6,2.01,3.99,5.02,5.73,2.34,2.54,5.29,3.34,1.56,0
CS0,ДЗ,Мик-вка,0.1,0.1,0.09,0.08,0.14,3.32,1.56,5.84,4.01,5.41,5.56,1.38,1.39,5.95,4.93,4.81,1.41,1.37,2.02,2.18,0
CS0,ДЗ,Мик-вка,0.1,0.1,0.09,0.08,0.14,4.04,2.61,2.64,1.24,4.86,2.94,1.21,1.56,2.09,3.15,4.21,2.28,2.23,5.71,2.25,0
CS0,ДЗ,Мик-вка,0.1,0.1,0.09,0.08,0.14,1.07,2.67,1.39,4.74,4.66,4.69,3.33,5.21,3.54,3.17,5.37,5.73,3.94,5.64,3.5,0
CS0,ДЗ,Мик-вка,0.1,0.1,0.09,0.08,0.14,5.28,1.14,4.56,1.33,5.62,5.96,5.83,3.75,2.08,2.7,1.7,4.23,1.22,1.77,3.58,0
CS0,ДЗ,Мик-вка,0.1,0.1,0.09,0.08,0.14,4.81,3.81,2.47,5.87,1.88,4.28,4.26,1.88,5.28,2.69,2.87,5.78,5.11,1.92,4.05,0
CS0,ДЗ,Мик-вка,0.1,0.1,0.09,0.08,0.14,4.75,3.9,1.44,2.71,4.68,2.06,1.19,3.78,2.76,1.27,1.25,4.44,1.1,5.1,3.56,0
CS0,ДЗ,Мик-вка,0.1,0.1,0.09,0.08,0.14,2.54,3.2,2.51,5.24,5.11,2.82,4.11,5.95,2.07,2.38,4.48,5.23,2.77,3.92,2.78,0
CS0,ДЗ,Мик-вка,0.1,0.1,0.09,0.08,0.14,4.6,1.63,1.9,5.45,4.86,3.19,5.2,1.29,1.1,1.99,1.89,3.2,4.19,4.48,5.94,0
CS0,ДЗ,Мик-вка,0.1,0.1,0.09,0.08,0.14,5.94,1.85,5.16,2.9,5.61,4.82,4.38,1.45,1.45,1.41,5.48,1.15,1.16,5.08,2.45,0
CS0,ДЗ,Мик-вка,0.1,0.1,0.09,0.08,0.14,3.62,5.68,1.8,4.3,4.16,1.68,1.87,4.2,4.74,5.24,5.24,1.02,3.8,3.11,4.67,0
CS0,ДЗ,Мик-вка,0.1,0.1,0.09,0.08,0.14,1.51,3.91,5.17,5.38,3.55,1.78,5.84,1.53,4.77,3.55,3.47,4.09,5.27,5.94,1.88,0
CS0,ДЗ,Мик-вка,0.1,0.1,0.09,0.08,0.14,4.05,1.68,1.64,1.39,3.15,2.13,2.32,1.04,3.0,5.76,4.72,3.1,2.64,5.6,1.96,0
CS0,ДЗ,Мик-вка,0.1,0.1,0.09,0.08,0.14,4.07,4.7,4.08,2.72,5.54,4.4,3.33,2.76,1.99,3.55,2.76,3.65,2.25,4.56,5.84,0
CS0,ДЗ,Мик-вка,0.1,0.1,0.09,0.08,0.14,2.87,5.87,5.72,1.93,1.34,3.52,4.85,2.91,3.83,1.22,3.6,5.03,1.17,5.18,1.99,0
CS0,ДЗ,Мик-вка,0.1,0.1,0.09,0.08,0.14,2.4,2.07,1.27,2.47,5.36,1.77,1.93,2.82,5.47,3.45,1.25,4.22,2.55,5.65,4.61,0
CS0,ДЗ,Мик-вка,0.1,0.1,0.09,0.08,0.14,5.13,1.3,5.41,3.92,2.58,1.44,4.33,3.96,1.87,5.15,5.48,1.53,1.64,3.37,2.29,0
CS0,ДЗ,Мик-вка,0.1,0.1,0.09,0.08,0.14,4.57,4.56,2.22,1.54,5.57,1.36,5.93,2.74,5.95,1.79,4.34,5.72,1.72,1.85,3.51,0
CS0,ДЗ,Мик-вка,0.1,0.1,0.09,0.08,0.14,1.46,4.45,5.82,2.71,5.2,5.97,5.98,4.15,2.68,4.61,4.58,4.87,2.01,2.61,5.85,0
CS1,ДЗ,Мик-вка,0.1,0.1,0.09,0.08,0.14,4.74,5.31,3.09,1.57,2.03,4.05,5.75,4.12,2.23,4.89,4.64,1.18,4.2,3.65,3.55,2
CS1,ДЗ,Мик-вка,0.1,0.1,0.09,0.09,0.14,3.32,1.49,2.13,3.86,4.57,5.49,4.62,5.22,1.2,1.35,4.65,1.67,5.45,4.31,2.35,2
CS1,ДЗ,Мик-вка,0.1,0.1,0.09,0.09,0.14,5.55,1.22,2.45,4.52,3.84,1.7,4.4,5.78,2.36,3.84,3.26,5.25,4.11,3.19,4.71,2
CS1,ДЗ,Мик-вка,0.1,0.1,0.09,0.09,0.14,2.26,3.04,4.43,3.3,4.78,1.01,4.17,1.05,2.02,1.76,2.13,5.5,2.85,4.32,4.94,2
CS1,ДЗ,Мик-вка,0.1,0.1,0.09,0.09,0.14,5.88,5.81,3.42,1.85,3.14,3.91,3.92,5.03,3.91,2.85,5.69,1.35,4.72,5.07,2.51,2
CS1,ДЗ,Мик-вка,0.1,0.1,0.09,0.09,0.14,1.33,5.58,2.15,1.29,1.77,1.36,2.41,1.99,5.14,3.71,4.31,4.5,4.36,2.5,5.51,2
CS1,ДЗ,Мик-вка,0.1,0.1,0.09,0.09,0.14,4.69,1.86,1.94,2.35,4.52,3.89,3.29,1.16,1.38,1.59,2.23,5.97,3.07,4.17,1.65,2
CS1,ДЗ,Мик-вка,0.1,0.1,0.09,0.09,0.14,5.73,1.43,3.89,3.8,2.54,2.85,2.02,3.55,5.26,1.31,4.74,4.44,5.72,2.42,1.96,2
CS1,ДЗ,Мик-вка,0.1,0.1,0.09,0.09,0.14,3.77,5.72,1.07,3.85,4.53,3.05,4.2,2.72,4.85,3.6,2.61,5.53,4.65,2.44,1.9,2
CS1,ДЗ,Мик-вка,0.1,0.1,0.09,0.09,0.14,1.68,3.27,4.77,1.28,3.79,1.1,4.96,2.07,1.75,2.48,5.01,1.68,5.08,4.93,3.62,2
CS1,ДЗ,Мик-вка,0.1,0.1,0.09,0.09,0.14,3.18,4.25,4.23,3.9,4.33,2.94,5.27,1.72,5.66,2.71,2.15,1.14,2.75,4.65,4.12,2
CS1,ДЗ,Мик-вка,0.1,0.1,0.09,0.09,0.14,3.51,2.16,3.49,3.57,5.23,5.66,3.64,5.77,5.13,3.55,4.36,4.99,5.97,5.44,2.16,2
CS1,ДЗ,Мик-вка,0.1,0.1,0.09,0.09,0.14,1.43,4.05,4.94,5.45,1.27,2.69,4.68,3.72,3.26,2.39,1.65,5.22,5.26,3.56,3.3,2
CS1,ДЗ,Мик-вка,0.1,0.1,0.09,0.09,0.14,2.67,1.16,1.92,5.92,1.16,1.73,5.31,3.21,4.32,1.9,2.51,1.3,2.89,2.95,1.83,2
CS1,ДЗ,Мик-вка,0.1,0.1,0.09,0.09,0.14,5.79,4.03,2.65,4.45,1.11,1.12,4.91,3.08,1.15,3.63,3.78,4.29,1.45,3.28,2.8,2
CS1,ДЗ,Мик-вка,0.1,0.1,0.09,0.09,0.14,2.76,3.67,5.81,3.4,4.34,2.4,5.29,2.64,1.87,3.06,5.46,2.34,3.22,1.72,1.46,2
CS1,ДЗ,Мик-вка,0.1,0.1,0.09,0.09,0.14,2.48,5.39,4.83,1.79,5.34,2.15,5.27,4.21,2.54,1.69,4.53,2.82,3.81,4.12,1.37,2
CS1,ДЗ,Мик-вка,0.1,0.1,0.09,0.09,0.14,4.76,3.22,2.29,4.33,4.77,1.84,5.72,1.17,5.25,4.36,3.85,4.8,2.84,1.61,1.63,2
CS1,ДЗ,Мик-вка,0.1,0.1,0.09,0.09,0.14,3.95,1.62,5.06,1.98,3.44,5.09,1.37,1.85,2.29,4.47,1.14,4.77,1.38,5.87,3.46,2
CS1,ДЗ,Мик-вка,0.1,0.1,0.09,0.09,0.14,2.91,4.36,5.56,5.87,3.54,5.68,4.71,5.95,5.36,3.78,4.31,3.34,5.79,5.78,4.73,2
CS1,П-тки,Павлоград,0.1,0.1,0.09,0.09,0.14,2.59,4.07,2.96,4.18,1.65,5.06,3.72,1.72,2.56,3.95,4.52,5.91,5.75,5.64,2.6,2
CS0,П-тки,Павлоград,0.1,0.1,0.09,0.09,0.14,4.19,4.7,1.61,1.67,3.36,1.16,2.9,3.91,1.14,1.67,4.0,5.35,5.04,3.28,3.89,0
CS1,П-тки,Павлоград,0.1,0.1,0.09,0.09,0.14,3.83,4.39,5.72,5.07,2.61,1.38,2.81,1.64,3.62,1.22,1.19,3.16,4.1,5.83,3.15,2
CS2,П-тки,Павлоград,0.1,0.1,0.09,0.09,0.14,4.83,3.16,3.78,5.25,5.08,5.19,4.86,5.04,3.46,4.18,5.67,5.84,2.45,2.05,5.23,4
CS1,П-тки,Павлоград,0.1,0.1,0.09,0.09,0.14,2.45,4.66,2.63,3.68,5.43,2.95,2.65,4.34,5.71,1.05,3.38,5.13,5.19,1.57,1.22,2
CS2,П-тки,Павлоград,0.1,0.1,0.09,0.09,0.14,5.06,2.98,5.2,2.9,2.36,2.59,2.24,4.51,1.41,3.67,4.57,1.12,3.92,5.61,3.48,4
CS1,П-тки,Павлоград,0.1,0.1,0.09,0.09,0.14,4.2,3.54,4.23,4.64,2.78,2.06,2.52,1.61,2.01,1.75,1.33,4.33,2.74,3.29,5.72,2
CS0,П-тки,Павлоград,0.1,0.1,0.09,0.09,0.14,1.31,1.2,3.78,1.89,5.02,4.1,2.03,4.43,5.02,5.55,1.89,1.88,2.09,2.58,2.54,0
CS0,П-тки,Павлоград,0.1,0.1,0.09,0.09,0.14,3.52,5.65,3.97,4.08,2.25,2.41,5.82,5.15,5.98,5.07,4.85,4.03,1.6,3.5,1.09,0
CS1,П-тки,Павлоград,0.1,0.1,0.09,0.09,0.14,5.24,5.07,3.9,1.97,1.85,4.32,3.07,4.53,5.46,3.99,4.52,5.04,2.81,2.77,1.12,2
CS2,П-тки,Павлоград,0.1,0.1,0.09,0.09,0.14,4.67,3.58,2.3,4.39,4.81,1.65,3.18,1.82,4.9,5.27,1.15,2.05,3.2,5.22,2.77,4
CS1,П-тки,Павлоград,0.1,0.1,0.09,0.09,0.14,1.27,2.33,4.37,5.11,5.74,4.65,3.54,3.06,2.23,4.21,2.88,3.39,2.17,3.58,3.38,2
CS0,П-тки,Павлоград,0.1,0.1,0.09,0.09,0.14,5.38,3.43,3.02,3.1,2.0,1.43,4.79,5.13,3.06,2.51,5.57,4.22,2.8,3.19,5.09,0
CS0,П-тки,Павлоград,0.1,0.1,0.09,0.09,0.14,1.21,5.22,2.84,5.16,1.01,1.02,2.48,2.98,4.13,5.77,3.97,4.49,1.13,2.3,5.69,0
CS2,П-тки,Павлоград,0.1,0.1,0.09,0.09,0.14,2.99,5.96,4.85,4.41,2.9,3.17,1.95,2.58,3.07,3.73,2.55,1.64,2.48,5.96,5.8,4
CS2,П-тки,Павлоград,0.1,0.1,0.09,0.09,0.14,1.86,1.95,2.07,4.87,4.33,4.63,5.36,3.62,5.92,2.78,5.29,3.41,2.57,3.59,3.51,4
CS0,П-тки,Павлоград,0.1,0.1,0.09,0.09,0.14,4.72,2.33,3.81,2.63,1.54,1.53,4.19,5.44,1.54,1.57,2.69,4.11,5.02,3.97,3.7,0
CS0,П-тки,Павлоград,0.1,0.1,0.09,0.09,0.14,4.73,4.75,1.24,2.28,4.68,5.29,4.42,1.75,1.48,4.31,1.27,3.01,3.24,1.66,3.85,0
CS2,П-тки,Павлоград,0.1,0.1,0.09,0.09,0.14,3.14,3.51,2.74,2.2,1.14,4.22,5.73,5.5,4.19,5.59,4.45,1.56,3.26,1.41,2.82,4
CS1,П-тки,Павлоград,0.1,0.1,0.09,0.09,0.14,2.61,4.14,3.39,1.88,4.99,3.87,2.43,2.28,3.02,5.12,1.44,3.87,1.43,1.13,1.3,2
CS2,П-тки,Павлоград,0.1,0.1,0.09,0.09,0.14,1.47,3.21,1.11,4.62,1.02,4.77,4.66,5.95,3.85,1.73,1.13,2.73,3.62,3.43,5.96,4
CS0,П-тки,Павлоград,0.1,0.1,0.09,0.09,0.14,4.67,4.23,5.19,3.55,1.72,2.75,4.44,3.19,4.7,5.85,3.29,2.21,3.22,1.87,3.87,0
CS0,П-тки,Павлоград,0.1,0.1,0.09,0.09,0.14,2.03,4.82,4.78,3.91,4.54,5.41,4.76,3.95,1.89,5.5,3.38,1.75,2.5,4.82,2.07,0
CS0,П-тки,Павлоград,0.1,0.1,0.09,0.09,0.14,5.8,3.99,1.89,2.84,2.66,2.46,4.59,1.14,3.33,3.07,5.7,2.23,1.76,1.86,3.12,0
CS1,П-тки,Павлоград,0.1,0.1,0.09,0.09,0.14,2.53,1.2,5.39,3.29,1.23,5.87,1.19,4.72,1.88,1.47,1.97,5.24,2.46,1.57,3.81,2
CS0,П-тки,Павлоград,0.1,0.1,0.09,0.09,0.14,3.76,2.64,1.17,2.42,5.99,2.21,2.51,5.28,6.0,3.04,3.59,3.78,4.8,3.2,1.14,0
CS2,П-тки,Павлоград,0.1,0.1,0.09,0.09,0.14,4.09,2.54,4.5,2.79,4.32,3.07,5.78,2.34,5.09,2.98,4.34,1.33,1.35,3.94,3.76,4
CS2,П-тки,Павлоград,0.1,0.1,0.09,0.09,0.14,4.99,1.92,5.85,2.68,5.29,3.9,4.48,4.14,2.95,2.62,1.42,2.89,5.42,4.09,2.84,4
CS1,П-тки,Павлоград,0.1,0.1,0.09,0.09,0.14,4.59,4.36,5.42,3.7,4.43,4.27,1.78,2.27,1.97,2.37,2.44,3.77,3.98,1.25,4.29,2
CS0,П-тки,Павлоград,0.1,0.1,0.09,0.09,0.14,2.69,1.12,3.29,4.02,4.52,1.32,2.24,4.4,5.82,3.32,3.88,1.7,2.44,3.66,4.34,0
CS0,П-тки,Павлоград,0.1,0.1,0.09,0.09,0.14,2.46,5.27,3.81,1.36,1.64,2.05,2.54,1.57,1.4,1.76,3.54,5.23,3.3,4.17,2.5,0
CS2,П-тки,Павлоград,0.1,0.1,0.09,0.09,0.14,1.98,1.53,3.5,1.05,5.16,2.65,4.59,4.26,4.56,5.86,3.39,4.16,3.48,1.09,5.92,4
CS1,П-тки,Павлоград,0.1,0.1,0.09,0.09,0.14,2.26,4.14,1.46,4.62,3.92,3.49,1.04,1.16,2.02,3.3,1.37,2.79,4.25,4.26,2.66,2
CS1,П-тки,Павлоград,0.1,0.1,0.09,0.09,0.14,1.23,1.37,3.34,1.49,2.15,2.65,4.7,4.33,3.16,3.5,3.92,5.82,5.08,2.71,4.44,2
CS0,П-тки,Павлоград,0.1,0.1,0.09,0.09,0.14,5.08,5.97,1.89,4.42,3.77,2.27,2.55,4.79,5.64,5.15,1.59,1.42,2.0,2.73,1.94,0
CS0,П-тки,Павлоград,0.1,0.1,0.09,0.09,0.14,3.27,3.91,5.87,2.87,3.58,3.99,1.85,4.02,3.18,3.34,3.26,5.15,3.02,1.76,5.16,0
CS0,П-тки,Павлоград,0.1,0.1,0.09,0.09,0.14,3.25,5.74,4.63,1.39,3.45,2.48,1.28,4.53,4.89,2.67,2.46,5.88,5.86,2.96,5.71,0
CS0,П-тки,Павлоград,0.1,0.1,0.09,0.09,0.14,4.59,3.49,1.04,3.88,5.38,4.52,2.69,1.56,3.65,1.49,1.9,2.62,4.83,3.57,2.46,0
CS1,П-тки,Павлоград,0.1,0.1,0.09,0.09,0.14,5.75,1.5,4.96,3.88,3.12,3.75,3.53,4.14,4.9,2.83,2.97,1.15,1.12,3.28,5.38,2
CS1,П-тки,Павлоград,0.1,0.1,0.09,0.09,0.14,2.32,4.13,3.63,1.15,5.65,3.81,4.68,5.54,3.9,4.11,3.65,1.68,4.62,2.4,1.36,2
CS2,П-тки,Павлоград,0.1,0.1,0.09,0.09,0.14,4.81,4.38,1.71,3.39,4.88,2.77,3.34,5.36,2.64,4.02,1.72,3.66,4.96,3.18,2.44,4
CS0,П-тки,Павлоград,0.1,0.1,0.09,0.09,0.14,3.13,2.01,3.4,4.7,5.09,4.29,1.6,4.37,5.37,1.93,2.69,2.26,4.99,1.89,3.48,0
CS0,П-тки,Павлоград,0.1,0.1,0.09,0.09,0.14,2.77,3.77,4.16,2.35,5.45,4.81,2.57,3.59,1.34,3.8,1.24,5.8,1.43,5.68,5.76,0
CS1,П-тки,Павлоград,0.1,0.1,0.09,0.09,0.14,3.83,4.84,5.65,4.63,3.56,4.77,2.52,4.1,3.35,3.97,5.89,3.99,2.06,1.2,2.02,2
CS2,П-тки,Павлоград,0.1,0.1,0.09,0.09,0.14,3.97,2.89,4.24,1.77,5.38,4.79,2.63,3.58,3.51,3.02,2.37,3.21,2.06,4.66,4.59,4
CS1,П-тки,Павлоград,0.1,0.1,0.09,0.09,0.14,5.77,1.35,5.62,5.78,1.29,3.85,3.47,5.29,4.41,1.92,2.17,2.47,3.52,3.94,1.41,2
CS1,П-тки,Павлоград,0.1,0.1,0.09,0.09,0.14,2.82,4.85,4.05,3.38,1.96,5.71,4.08,2.68,5.53,4.98,1.74,5.77,2.15,3.06,1.29,2
CS2,П-тки,Павлоград,0.1,0.1,0.09,0.09,0.14,5.61,2.82,1.59,1.79,3.99,2.1,4.16,3.67,2.76,4.78,1.69,3.17,3.66,3.16,4.34,4
CS1,П-тки,Павлоград,0.1,0.1,0.09,0.09,0.14,5.31,3.05,3.68,5.49,2.69,2.8,3.18,2.12,5.54,3.76,3.27,5.27,3.56,4.27,3.88,2
CS1,П-тки,Павлоград,0.1,0.1,0.09,0.09,0.14,4.31,2.49,1.64,4.63,1.07,1.32,1.87,3.25,3.25,2.37,4.82,5.79,2.78,5.05,2.09,2
CS1,П-тки,Павлоград,0.1,0.1,0.09,0.09,0.14,3.93,3.52,1.15,2.63,2.85,5.32,5.64,4.28,5.08,4.1,4.08,1.05,2.98,1.76,2.97,2
CS2,П-тки,Павлоград,0.1,0.1,0.09,0.09,0.14,3.51,5.2,2.11,5.73,3.71,5.02,4.56,1.62,4.12,2.68,5.19,3.05,2.78,2.6,2.88,4
CS2,П-тки,Павлоград,0.1,0.1,0.09,0.09,0.14,3.85,2.59,1.72,3.55,2.06,4.21,2.22,2.41,3.95,5.86,2.83,5.12,3.63,5.23,2.32,4
CS1,П-тки,Павлоград,0.1,0.1,0.09,0.09,0.14,3.81,3.8,5.21,2.0,5.05,3.58,5.53,4.31,1.92,1.37,1.48,3.9,3.08,3.0,4.2,2
CS2,П-тки,Павлоград,0.1,0.1,0.09,0.09,0.14,5.82,1.3,5.18,4.83,2.49,5.26,5.05,1.89,4.25,1.42,3.44,3.41,4.71,3.3,3.31,4
CS0,П-тки,Павлоград,0.1,0.1,0.09,0.09,0.14,1.26,4.09,3.16,2.91,5.88,4.9,3.9,4.58,3.37,3.81,2.67,5.12,5.69,4.93,3.51,0
CS2,П-тки,Павлоград,0.1,0.1,0.09,0.09,0.14,4.48,4.77,3.12,3.82,5.9,4.14,5.87,1.98,5.15,3.54,3.44,5.48,2.31,3.0,1.93,4
CS2,П-тки,Павлоград,0.1,0.1,0.09,0.09,0.14,3.17,4.0,4.3,1.81,2.29,4.34,4.49,1.97,4.18,4.6,4.08,2.69,4.62,1.25,4.31,4
CS2,П-тки,Павлоград,0.1,0.1,0.09,0.09,0.14,4.7,1.7,2.15,1.67,1.88,1.61,3.56,4.4,4.43,4.95,2.49,5.74,2.42,5.11,3.76,4
CS2,П-тки,Павлоград,0.1,0.1,0.09,0.09,0.14,2.52,4.68,5.4,3.48,1.54,1.56,2.29,4.44,3.63,2.67,1.28,4.48,1.03,2.13,1.45,4
CS0,П-тки,Павлоград,0.11,0.1,0.09,0.09,0.15,5.81,4.5,3.23,2.82,4.08,3.51,4.34,1.08,5.89,1.92,1.14,4.39,5.58,1.21,2.13,1
CS0,П-тки,Павлоград,0.11,0.1,0.09,0.09,0.15,1.31,4.41,1.59,4.39,3.77,3.26,3.99,3.85,4.18,2.24,3.48,1.53,5.93,2.2,1.68,1
CS0,П-тки,Павлоград,0.11,0.1,0.09,0.09,0.15,5.32,5.13,5.09,3.6,1.3,3.25,4.1,4.73,2.49,2.47,3.85,3.41,1.07,4.61,1.35,1
CS0,П-тки,Павлоград,0.11,0.1,0.09,0.09,0.15,2.08,5.73,2.38,2.25,3.49,2.97,4.18,1.42,3.46,1.94,1.89,2.93,5.64,2.92,1.75,1
CS0,П-тки,Павлоград,0.11,0.1,0.09,0.09,0.15,2.0,3.77,2.25,5.07,1.3,1.73,4.29,5.63,2.86,2.19,1.55,4.13,1.59,4.43,2.92,1
CS0,П-тки,Павлоград,0.11,0.1,0.09,0.09,0.15,1.76,1.16,3.76,4.51,1.97,3.77,1.65,5.27,4.55,4.08,4.05,2.92,5.32,2.68,2.4,1
CS0,П-тки,Павлоград,0.11,0.1,0.09,0.09,0.15,1.08,1.84,5.47,5.24,2.39,5.3,4.51,4.87,3.39,5.97,3.35,2.66,5.68,1.44,1.31,1
CS0,П-тки,Павлоград,0.11,0.1,0.09,0.09,0.15,2.63,5.68,4.69,3.27,1.28,1.07,4.49,1.16,1.12,3.63,3.48,2.02,2.24,4.33,1.01,1
CS0,П-тки,Павлоград,0.11,0.1,0.09,0.09,0.15,1.68,2.7,5.01,4.37,2.81,3.16,1.67,1.4,5.59,3.9,5.21,4.67,3.25,1.96,4.14,1
CS0,П-тки,Павлоград,0.11,0.1,0.09,0.09,0.15,3.2,5.34,2.39,1.27,5.42,1.58,4.64,4.24,1.58,4.5,3.16,3.38,4.35,4.87,4.18,1
CS0,П-тки,Павлоград,0.11,0.1,0.09,0.09,0.15,1.81,1.52,3.16,1.38,4.2,1.08,4.86,5.89,5.06,2.14,5.01,1.96,5.54,1.65,1.37,1
CS0,П-тки,Павлоград,0.11,0.1,0.09,0.09,0.15,3.17,3.18,1.57,2.49,5.98,1.55,2.42,2.05,5.86,4.57,3.52,4.2,3.64,3.1,5.64,1
CS0,П-тки,Павлоград,0.11,0.1,0.09,0.09,0.15,1.4,1.79,4.07,2.43,3.6,5.25,1.0,1.93,3.17,4.32,1.24,4.63,4.26,4.01,3.31,1
CS0,П-тки,Павлоград,0.11,0.1,0.09,0.09,0.15,2.27,1.82,4.6,3.03,5.37,5.86,1.17,1.75,3.37,1.32,1.6,5.8,3.0,1.26,4.88,1
CS0,П-тки,Павлоград,0.11,0.1,0.09,0.09,0.15,1.86,2.12,3.33,2.31,4.7,4.54,2.21,5.12,4.35,3.2,3.89,3.04,5.21,5.28,2.04,1
CS0,П-тки,Павлоград,0.11,0.1,0.09,0.09,0.15,4.41,2.0,3.15,3.35,4.76,5.99,5.5,2.81,3.66,3.44,4.73,3.21,5.41,5.15,2.81,1
CS0,П-тки,Павлоград,0.11,0.1,0.09,0.09,0.15,1.1,1.5,5.72,5.92,3.17,3.23,5.02,1.69,4.57,4.12,5.22,3.08,3.66,4.23,4.63,1
CS0,П-тки,Павлоград,0.11,0.1,0.09,0.09,0.15,2.29,4.2,5.83,4.17,4.54,3.44,1.2,2.81,5.86,3.81,3.11,2.46,1.39,3.61,4.43,1
CS0,П-тки,Павлоград,0.11,0.1,0.09,0.09,0.15,4.62,1.85,5.34,2.82,2.73,5.19,5.36,4.89,1.91,2.43,3.63,3.98,3.48,5.02,4.35,1
CS0,П-тки,Павлоград,0.11,0.1,0.09,0.09,0.15,5.16,2.09,4.87,2.75,2.66,5.68,4.55,4.89,5.93,2.96,4.39,2.04,2.79,5.04,1.49,1
CS1,П-тки,Павлоград,0.11,0.1,0.09,0.09,0.15,2.4,5.7,5.85,3.24,1.31,5.0,1.65,1.36,2.93,1.36,5.86,4.28,4.29,2.69,5.24,3
CS1,П-тки,Павлоград,0.11,0.1,0.1,0.09,0.15,1.3,2.25,5.96,4.92,4.63,2.48,4.5,3.92,5.48,3.23,3.8,2.99,2.3,2.94,3.28,3
CS1,П-тки,Павлоград,0.11,0.1,0.1,0.09,0.15,1.09,4.89,4.11,4.03,2.44,1.15,2.01,4.26,5.64,2.63,5.62,3.84,3.21,3.85,4.69,3
CS1,П-тки,Павлоград,0.11,0.1,0.1,0.09,0.15,2.71,4.53,4.62,3.18,5.87,4.18,3.12,3.31,4.5,1.81,4.19,1.11,3.63,5.42,4.41,3
CS1,П-тки,Павлоград,0.11,0.1,0.1,0.09,0.15,4.39,1.86,4.32,1.56,1.09,3.94,1.78,3.41,4.53,4.86,3.13,3.49,4.38,2.31,5.02,3
CS1,П-тки,Павлоград,0.11,0.1,0.1,0.09,0.15,4.83,4.49,2.47,5.02,2.75,2.95,5.7,2.36,5.59,3.71,2.84,1.59,2.16,1.77,5.55,3
CS1,П-тки,Павлоград,0.11,0.1,0.1,0.09,0.15,2.41,2.45,2.95,2.62,1.25,1.12,1.13,4.32,3.68,2.5,2.07,2.56,1.76,1.78,1.31,3
CS1,П-тки,Павлоград,0.11,0.1,0.1,0.09,0.15,1.35,4.38,5.66,1.55,4.36,4.73,2.65,2.03,1.66,5.63,2.16,4.93,1.89,4.35,3.6,3
CS1,П-тки,Павлоград,0.11,0.1,0.1,0.09,0.15,3.11,4.16,5.91,1.9,4.63,2.69,4.45,5.75,3.36,4.96,1.19,5.68,2.96,5.49,4.25,3
CS1,П-тки,Павлоград,0.11,0.1,0.1,0.09,0.15,2.0,4.28,2.23,5.76,3.45,5.01,4.5,1.85,1.43,4.82,1.37,5.92,3.44,3.2,4.87,3
CS1,П-тки,Павлоград,0.11,0.1,0.1,0.09,0.15,1.66,1.72,2.14,4.26,3.05,4.93,2.84,2.03,3.07,2.51,4.28,4.09,5.03,1.67,2.37,3
CS1,П-тки,Павлоград,0.11,0.1,0.1,0.09,0.15,2.3,5.21,1.95,1.06,5.83,2.75,1.28,1.15,5.2,3.54,2.0,2.34,3.54,2.24,3.98,3
CS1,П-тки,Павлоград,0.11,0.1,0.1,0.09,0.15,5.96,5.37,1.67,3.4,2.86,4.32,1.65,2.93,4.78,2.42,3.33,1.63,2.65,4.05,4.83,3
CS1,П-тки,Павлоград,0.11,0.1,0.1,0.09,0.15,4.54,2.03,3.8,1.17,4.08,3.41,5.47,5.85,4.52,3.07,1.89,2.42,3.24,2.31,3.17,3
CS1,П-тки,Павлоград,0.11,0.1,0.1,0.09,0.15,4.27,6.0,1.5,3.98,2.1,4.33,5.32,3.34,5.62,4.4,2.59,2.35,5.56,4.85,1.58,3
CS1,П-тки,Павлоград,0.11,0.1,0.1,0.09,0.15,5.58,1.0,2.47,4.94,3.34,1.54,2.71,3.59,3.47,4.88,3.1,3.79,3.99,5.21,1.91,3
CS1,П-тки,Павлоград,0.11,0.1,0.1,0.09,0.15,1.89,1.5,5.06,1.93,4.56,2.33,1.43,5.47,4.21,3.86,6.0,2.12,1.06,1.68,2.94,3
CS1,П-тки,Павлоград,0.11,0.1,0.1,0.09,0.15,5.51,3.78,1.7,1.43,2.69,5.7,1.9,2.56,1.33,3.29,4.36,3.67,2.07,1.29,2.54,3
CS1,П-тки,Павлоград,0.11,0.1,0.1,0.09,0.15,2.96,5.73,5.72,2.83,4.14,3.14,5.96,5.74,4.68,3.17,3.66,2.23,5.0,3.45,1.16,3
CS1,П-тки,Павлоград,0.11,0.1,0.1,0.09,0.15,3.36,1.72,2.93,5.7,4.78,1.9,1.58,2.5,4.12,2.59,3.88,5.5,3.45,2.56,3.32,3
CS2,П-тки,Мик-вка,0.11,0.1,0.1,0.09,0.15,5.86,2.73,2.55,2.45,1.98,2.9,2.78,1.3,5.37,4.03,1.82,4.49,2.73,4.73,1.07,4
CS0,П-тки,Мик-вка,0.11,0.1,0.1,0.09,0.15,5.74,4.85,3.7,5.12,5.91,5.36,3.72,4.92,1.65,2.42,1.24,1.7,1.64,5.92,1.7,1
CS1,П-тки,Мик-вка,0.11,0.1,0.1,0.09,0.15,4.96,1.49,3.95,5.39,4.55,4.2,4.94,4.06,1.58,4.05,1.12,4.67,5.65,4.7,4.51,3
CS0,П-тки,Мик-вка,0.11,0.1,0.1,0.09,0.15,4.22,3.81,2.65,3.41,5.8,1.63,3.44,4.9,5.66,2.7,2.78,4.43,3.1,2.83,3.83,1
CS0,П-тки,Мик-вка,0.11,0.1,0.1,0.09,0.15,2.61,1.21,4.6,2.24,4.81,3.17,5.77,1.37,2.06,5.97,1.69,4.55,3.52,2.67,3.26,1
CS2,П-тки,Мик-вка,0.11,0.1,0.1,0.09,0.15,5.49,5.72,1.54,4.47,2.04,2.49,2.18,2.25,1.58,4.86,1.4,4.71,1.37,3.54,1.49,4
CS1,П-тки,Мик-вка,0.11,0.1,0.1,0.09,0.15,2.03,1.45,2.94,4.57,3.79,5.05,3.97,1.58,3.07,5.78,1.82,4.94,5.64,4.96,2.37,3
CS0,П-тки,Мик-вка,0.11,0.1,0.1,0.09,0.15,3.59,5.57,3.32,3.79,1.08,1.43,1.2,1.18,2.13,5.56,1.35,4.54,1.68,3.05,1.3,1
CS1,П-тки,Мик-вка,0.11,0.1,0.1,0.09,0.15,1.35,2.18,2.46,2.5,1.43,4.6,2.42,1.13,2.82,2.19,2.94,3.43,4.76,2.25,4.43,3
CS0,П-тки,Мик-вка,0.11,0.1,0.1,0.09,0.15,4.29,4.77,2.53,1.92,2.13,4.36,2.58,4.97,4.0,2.68,5.46,2.6,4.77,2.99,1.41,1
CS2,П-тки,Мик-вка,0.11,0.1,0.1,0.09,0.15,1.55,1.25,1.09,2.49,4.58,4.89,3.87,4.55,2.19,4.4,4.15,1.8,3.71,4.95,1.7,4
CS1,П-тки,Мик-вка,0.11,0.1,0.1,0.09,0.15,3.95,3.79,3.22,3.02,3.58,2.5,1.37,1.92,5.97,3.88,4.66,1.76,2.02,4.92,4.24,3
CS1,П-тки,Мик-вка,0.11,0.1,0.1,0.09,0.15,4.27,4.04,5.98,3.3,5.43,5.24,2.15,2.31,3.53,1.35,5.36,1.37,4.45,2.78,1.95,3
CS2,П-тки,Мик-вка,0.11,0.1,0.1,0.09,0.15,2.52,2.62,5.06,5.67,3.16,4.65,1.44,1.27,3.33,5.12,4.17,2.11,4.36,3.46,1.79,4
CS2,П-тки,Мик-вка,0.11,0.1,0.1,0.09,0.15,5.2,2.23,1.42,5.87,5.84,4.19,1.52,3.84,1.62,1.44,2.64,3.24,1.54,5.21,5.97,4
CS2,П-тки,Мик-вка,0.11,0.1,0.1,0.09,0.15,5.06,2.7,5.82,5.5,3.28,3.78,1.82,2.52,3.75,1.36,4.69,5.61,5.07,3.17,1.35,4
CS2,П-тки,Мик-вка,0.11,0.1,0.1,0.09,0.15,2.4,3.15,2.28,2.95,1.76,3.78,4.36,4.76,1.92,2.07,1.7,4.04,2.87,1.22,3.49,4
CS1,П-тки,Мик-вка,0.11,0.1,0.1,0.09,0.15,1.34,3.81,4.88,3.96,4.21,5.09,2.87,3.63,1.17,2.37,4.34,4.17,3.16,4.34,2.27,3
CS1,П-тки,Мик-вка,0.11,0.1,0.1,0.09,0.15,5.59,5.56,4.08,1.68,3.59,4.04,3.35,4.29,1.74,5.61,1.36,1.91,2.15,2.66,2.82,3
CS0,П-тки,Мик-вка,0.11,0.1,0.1,0.09,0.15,3.53,4.86,2.01,4.81,2.47,3.36,4.87,4.43,3.77,5.25,5.19,2.26,3.42,1.89,2.83,1
CS2,П-тки,Мик-вка,0.11,0.1,0.1,0.09,0.15,5.98,4.47,2.42,5.58,1.22,1.81,2.23,4.2,5.66,4.87,5.08,3.52,2.99,4.87,5.69,4
CS1,П-тки,Мик-вка,0.11,0.1,0.1,0.09,0.15,4.88,5.46,3.71,3.2,5.57,4.89,5.71,5.82,1.18,5.89,4.06,5.44,1.17,4.35,5.67,3
CS1,П-тки,Мик-вка,0.11,0.1,0.1,0.09,0.15,3.67,4.34,1.93,3.87,5.04,3.75,4.33,4.17,2.8,2.06,1.66,1.05,3.82,5.38,5.16,3
CS0,П-тки,Мик-вка,0.11,0.1,0.1,0.09,0.15,1.39,1.56,5.28,3.12,3.67,3.27,3.43,2.05,1.61,3.09,3.13,4.88,4.67,1.32,2.89,1
CS2,П-тки,Мик-вка,0.11,0.1,0.1,0.09,0.15,1.61,4.69,1.16,4.36,5.86,5.39,5.97,2.68,1.18,1.84,4.89,3.98,4.1,2.59,5.51,4
CS2,П-тки,Мик-вка,0.11,0.1,0.1,0.09,0.15,4.5,3.19,4.16,3.68,4.93,1.33,4.28,3.1,2.55,1.79,5.92,4.59,4.56,2.47,4.87,4
CS2,П-тки,Мик-вка,0.11,0.1,0.1,0.09,0.15,4.0,4.62,2.04,4.42,1.73,5.36,5.42,2.08,3.84,1.54,4.03,3.85,1.62,1.0,5.32,4
CS0,П-тки,Мик-вка,0.11,0.1,0.1,0.09,0.15,5.41,3.8,2.9,3.57,5.35,4.02,4.48,3.32,1.7,1.39,5.43,4.26,2.03,3.17,3.14,1
CS2,П-тки,Мик-вка,0.11,0.1,0.1,0.09,0.15,2.66,3.33,2.01,1.25,4.58,3.64,3.46,1.98,2.74,1.24,5.86,1.06,2.12,4.39,1.28,4
CS1,П-тки,Мик-вка,0.11,0.1,0.1,0.09,0.15,1.73,4.18,1.62,2.29,4.4,3.59,4.05,4.49,1.42,4.02,1.36,3.51,3.57,1.31,2.77,3
CS1,П-тки,Мик-вка,0.11,0.1,0.1,0.09,0.15,3.18,2.72,3.4,5.71,3.27,5.86,4.41,4.61,4.95,5.82,5.76,1.86,2.94,4.68,3.81,3
CS1,П-тки,Мик-вка,0.11,0.1,0.1,0.09,0.15,5.26,1.43,5.44,4.2,5.56,4.76,5.32,4.41,3.32,4.33,4.26,1.35,2.01,1.65,4.48,3
CS1,П-тки,Мик-вка,0.11,0.1,0.1,0.09,0.15,1.15,1.54,3.79,5.82,5.1,3.48,5.22,1.83,5.23,2.49,3.98,5.5,2.42,3.58,1.52,3
CS1,П-тки,Мик-вка,0.11,0.1,0.1,0.09,0.15,4.82,3.43,1.38,3.34,2.84,1.26,3.78,4.65,3.0,2.38,5.96,4.24,4.93,3.6,2.41,3
CS2,П-тки,Мик-вка,0.11,0.1,0.1,0.09,0.15,1.79,4.53,2.86,1.94,5.28,4.55,5.51,5.99,3.7,5.97,3.89,3.2,4.94,1.51,2.6,4
CS2,П-тки,Мик-вка,0.11,0.1,0.1,0.09,0.15,5.56,4.91,2.62,2.36,2.56,3.16,2.86,5.85,5.28,1.89,2.29,3.1,1.06,5.53,2.0,4
CS1,П-тки,Мик-вка,0.11,0.1,0.1,0.09,0.15,4.85,2.85,5.66,1.62,3.45,1.63,2.96,3.28,4.86,1.33,5.21,4.98,2.28,2.26,1.69,3
CS2,П-тки,Мик-вка,0.11,0.1,0.1,0.09,0.15,5.34,5.41,1.19,5.31,2.97,5.64,1.57,3.28,4.06,2.32,4.21,5.28,4.71,1.46,4.35,4
CS0,П-тки,Мик-вка,0.11,0.1,0.1,0.09,0.15,2.09,2.34,2.71,2.2,1.36,5.57,4.23,5.66,3.96,5.43,2.95,5.19,1.46,3.3,1.54,1
CS0,П-тки,Мик-вка,0.11,0.1,0.1,0.09,0.15,4.77,4.9,3.82,3.23,4.83,4.78,2.95,3.89,5.87,2.59,4.42,2.22,4.72,4.28,3.27,1
CS1,П-тки,Мик-вка,0.11,0.1,0.1,0.09,0.15,5.8,1.87,5.38,4.31,5.19,5.74,2.92,5.32,3.85,2.46,3.9,1.64,5.53,2.01,1.74,3
CS1,П-тки,Мик-вка,0.11,0.1,0.1,0.09,0.15,4.87,4.32,1.96,1.6,1.17,4.85,2.42,4.4,3.99,4.69,3.34,2.48,4.36,4.42,3.43,3
CS1,П-тки,Мик-вка,0.11,0.1,0.1,0.09,0.15,4.36,2.7,2.85,2.67,3.7,5.82,3.41,5.75,4.91,3.44,2.81,4.52,2.1,3.82,5.63,3
CS1,П-тки,Мик-вка,0.11,0.1,0.1,0.09,0.15,4.5,4.94,5.36,2.14,5.61,2.78,1.33,5.38,2.75,4.48,2.02,1.39,4.31,1.02,3.87,3
CS2,П-тки,Мик-вка,0.11,0.1,0.1,0.09,0.15,1.88,1.62,4.98,1.32,1.16,5.85,2.83,2.76,3.62,5.95,4.27,5.49,1.49,4.33,1.11,4
CS1,П-тки,Мик-вка,0.11,0.1,0.1,0.09,0.15,2.93,4.48,4.85,2.09,2.01,1.37,4.93,5.91,2.33,5.0,3.41,1.43,3.31,3.23,5.24,3
CS0,П-тки,Мик-вка,0.11,0.1,0.1,0.09,0.15,2.15,3.78,2.67,5.64,4.27,1.05,3.67,5.91,1.32,1.35,1.75,1.59,5.74,5.5,1.27,1
CS0,П-тки,Мик-вка,0.11,0.1,0.1,0.09,0.15,2.38,3.71,5.88,4.01,1.67,5.14,2.77,2.83,1.88,5.31,1.85,4.25,3.2,5.42,2.0,1
CS2,П-тки,Мик-вка,0.11,0.1,0.1,0.09,0.15,2.37,5.54,1.2,2.09,1.94,2.16,5.54,5.05,5.88,4.75,5.53,1.08,1.6,2.3,2.53,4
CS2,П-тки,Мик-вка,0.11,0.1,0.1,0.09,0.15,1.9,3.13,2.61,1.24,3.43,4.25,1.56,1.39,3.33,2.27,2.49,2.16,3.78,5.92,3.19,4
CS0,П-тки,Мик-вка,0.11,0.1,0.1,0.09,0.15,5.05,5.75,3.55,1.3,3.92,1.62,1.8,1.63,2.23,2.56,3.04,1.86,3.23,5.42,5.94,1
CS0,П-тки,Мик-вка,0.11,0.1,0.1,0.09,0.15,3.01,5.16,1.06,5.02,4.72,1.87,3.93,2.78,3.16,1.51,1.59,5.57,4.97,1.93,5.63,1
CS2,П-тки,Мик-вка,0.11,0.1,0.1,0.09,0.15,2.78,1.75,2.77,5.57,3.8,2.71,2.3,3.44,4.59,5.05,2.48,5.16,3.87,5.42,1.46,4
CS2,П-тки,Мик-вка,0.11,0.1,0.1,0.09,0.15,4.54,3.37,2.34,4.53,5.4,4.76,5.8,5.47,2.14,3.32,5.1,3.3,2.11,5.12,1.6,4
CS0,П-тки,Мик-вка,0.11,0.1,0.1,0.09,0.15,1.96,1.04,1.8,3.06,1.4,4.88,2.28,3.22,1.3,2.09,1.3,2.43,5.99,1.64,4.49,1
CS0,П-тки,Мик-вка,0.11,0.1,0.1,0.09,0.15,1.96,2.24,4.28,4.82,4.74,5.48,2.07,3.68,5.25,3.43,1.89,4.89,1.51,5.85,4.83,1
CS0,П-тки,Мик-вка,0.11,0.1,0.1,0.09,0.15,4.9,6.0,5.71,1.92,4.63,1.22,1.1,5.58,2.64,3.6,5.68,4.34,5.19,2.68,4.1,1
CS0,П-тки,Мик-вка,0.11,0.1,0.1,0.09,0.15,1.51,1.97,3.13,5.06,3.58,5.77,1.22,1.91,4.52,4.98,3.34,5.27,5.31,3.9,2.24,1
CS0,П-тки,Мик-вка,0.11,0.1,0.1,0.09,0.15,3.47,5.67,1.93,5.62,1.23,4.89,1.96,3.02,2.23,5.3,2.28,2.83,3.07,2.81,4.81,1
CS0,П-тки,Мик-вка,0.11,0.1,0.1,0.09,0.15,3.03,1.22,3.45,5.56,1.31,3.54,4.45,5.37,2.42,5.91,2.03,1.08,5.16,1.73,3.52,1
CS0,П-тки,Мик-вка,0.11,0.1,0.1,0.09,0.16,2.54,4.96,1.04,2.32,4.21,2.05,2.69,3.43,5.24,2.14,5.9,5.31,1.45,4.46,1.21,0
CS0,П-тки,Мик-вка,0.11,0.11,0.1,0.09,0.16,2.9,4.81,1.12,5.88,4.6,5.57,1.88,5.66,1.39,3.63,3.21,5.7,1.73,1.58,4.08,0
CS0,П-тки,Мик-вка,0.11,0.11,0.1,0.09,0.16,2.44,5.37,5.77,5.76,4.75,4.4,1.79,3.98,1.61,2.28,5.41,2.19,4.37,3.91,5.75,0
CS0,П-тки,Мик-вка,0.11,0.11,0.1,0.09,0.16,1.5,4.46,2.25,2.0,3.14,4.33,2.39,2.7,4.12,4.47,4.36,4.8,3.08,2.05,4.91,0
CS0,П-тки,Мик-вка,0.11,0.11,0.1,0.09,0.16,4.99,1.72,5.91,2.85,3.49,5.04,1.94,2.24,2.92,4.27,2.86,4.53,3.85,5.64,4.84,0
CS0,П-тки,Мик-вка,0.11,0.11,0.1,0.09,0.16,2.21,5.89,5.8,2.9,2.25,4.86,4.32,4.7,2.28,4.53,5.39,1.7,3.19,1.81,5.87,0
CS0,П-тки,Мик-вка,0.11,0.11,0.1,0.09,0.16,4.9,5.34,1.25,2.34,1.72,5.15,1.66,2.53,1.85,4.17,5.86,5.11,1.76,2.98,5.87,0
CS0,П-тки,Мик-вка,0.11,0.11,0.1,0.09,0.16,2.57,3.19,4.87,2.45,4.7,5.86,5.81,2.1,1.85,1.69,3.4,5.89,1.27,4.99,3.2,0
CS0,П-тки,Мик-вка,0.11,0.11,0.1,0.09,0.16,3.66,2.28,5.03,4.58,4.29,4.48,4.15,2.33,1.98,4.86,2.25,5.8,3.62,3.51,4.2,0
CS0,П-тки,Мик-вка,0.11,0.11,0.1,0.09,0.16,2.69,5.61,2.39,2.79,2.88,1.1,2.0,3.52,3.26,3.28,2.67,3.51,3.46,2.99,5.5,0
CS0,П-тки,Мик-вка,0.11,0.11,0.1,0.09,0.16,5.29,2.17,5.0,2.9,1.87,4.02,2.39,2.44,3.11,1.42,3.02,3.02,2.16,4.8,4.77,0
CS0,П-тки,Мик-вка,0.11,0.11,0.1,0.09,0.16,4.55,5.62,5.68,2.25,5.74,1.05,2.8,2.21,5.46,4.26,2.63,5.43,4.32,5.2,1.5,0
CS0,П-тки,Мик-вка,0.11,0.11,0.1,0.09,0.16,4.83,1.24,5.88,3.67,4.99,1.16,1.43,2.38,2.24,1.03,1.18,1.09,4.53,5.08,5.84,0
CS0,П-тки,Мик-вка,0.11,0.11,0.1,0.09,0.16,5.97,2.12,4.81,2.56,1.35,3.18,1.03,2.62,4.95,4.85,5.83,2.62,2.56,5.11,4.14,0
CS0,П-тки,Мик-вка,0.11,0.11,0.1,0.09,0.16,1.1,5.24,4.55,4.63,2.93,2.0,1.26,4.78,3.61,4.82,3.56,4.19,5.59,2.05,4.35,0
CS0,П-тки,Мик-вка,0.11,0.11,0.1,0.09,0.16,5.28,3.26,3.3,5.9,3.63,5.72,1.63,3.15,3.83,3.08,2.43,4.33,3.24,4.2,2.9,0
CS0,П-тки,Мик-вка,0.11,0.11,0.1,0.09,0.16,3.54,2.88,5.15,4.9,1.1,5.15,4.35,4.02,3.49,1.59,3.32,2.07,5.12,3.64,2.83,0
CS0,П-тки,Мик-вка,0.11,0.11,0.1,0.09,0.16,4.31,2.6,3.0,3.75,2.78,4.82,4.68,2.1,3.61,3.83,3.48,5.73,4.24,2.73,2.46,0
CS0,П-тки,Мик-вка,0.11,0.11,0.1,0.09,0.16,3.2,4.88,5.67,4.25,3.48,4.76,3.27,5.94,1.13,2.78,3.44,3.3,1.85,5.3,5.14,0
CS0,П-тки,Мик-вка,0.11,0.11,0.1,0.09,0.16,2.74,5.39,3.34,3.66,2.95,4.09,3.48,2.87,1.02,3.55,1.58,4.68,2.35,3.71,4.69,0
CS1,П-тки,Мик-вка,0.11,0.11,0.1,0.09,0.16,2.45,3.76,2.71,3.59,3.22,5.22,3.94,2.17,4.6,5.53,1.77,3.52,4.4,3.05,5.97,2
CS1,П-тки,Мик-вка,0.11,0.11,0.1,0.1,0.16,1.68,1.83,3.74,4.86,5.92,1.42,2.0,5.65,2.45,4.29,1.61,4.39,3.28,2.04,2.39,2
CS1,П-тки,Мик-вка,0.11,0.11,0.1,0.1,0.16,5.52,4.33,1.58,4.32,2.01,1.64,5.69,5.79,4.26,4.75,4.52,1.82,4.84,3.35,2.63,2
CS1,П-тки,Мик-вка,0.11,0.11,0.1,0.1,0.16,2.34,2.6,2.96,5.29,1.81,2.8,5.02,3.77,5.85,2.39,3.71,4.64,2.16,3.51,2.64,2
CS1,П-тки,Мик-вка,0.11,0.11,0.1,0.1,0.16,2.42,1.97,4.73,5.35,5.72,3.39,3.05,3.47,4.19,2.44,2.93,5.24,2.89,1.39,1.9,2
CS1,П-тки,Мик-вка,0.11,0.11,0.1,0.1,0.16,1.54,3.81,3.36,1.77,5.07,3.88,4.6,4.5,4.07,5.97,5.46,3.57,3.0,5.3,3.37,2
CS1,П-тки,Мик-вка,0.11,0.11,0.1,0.1,0.16,1.37,1.9,2.96,3.47,3.08,3.42,3.9,5.74,4.7,5.63,1.33,3.23,3.43,3.11,5.65,2
CS1,П-тки,Мик-вка,0.11,0.11,0.1,0.1,0.16,5.6,5.98,1.96,3.02,4.91,4.28,3.67,1.56,3.97,5.57,3.35,5.49,4.53,2.38,4.98,2
CS1,П-тки,Мик-вка,0.11,0.11,0.1,0.1,0.16,5.29,5.35,5.54,1.91,5.19,2.27,3.64,3.1,3.34,1.9,4.16,4.6,2.58,5.29,2.44,2
CS1,П-тки,Мик-вка,0.11,0.11,0.1,0.1,0.16,4.73,4.31,2.2,3.07,5.12,4.53,4.22,5.5,3.05,1.26,4.5,5.37,2.36,4.59,1.29,2
CS1,П-тки,Мик-вка,0.11,0.11,0.1,0.1,0.16,2.76,5.11,4.17,2.87,1.57,2.67,3.37,1.51,3.53,1.46,3.32,2.86,2.02,1.17,3.6,2
CS1,П-тки,Мик-вка,0.11,0.11,0.1,0.1,0.16,2.4,3.67,2.58,5.68,4.76,5.76,2.23,2.12,5.12,5.46,1.55,1.07,1.92,1.35,4.88,2
CS1,П-тки,Мик-вка,0.11,0.11,0.1,0.1,0.16,3.12,5.3,1.49,2.48,3.75,4.58,1.8,5.92,2.2,1.13,2.29,1.77,4.87,1.56,5.46,2
CS1,П-тки,Мик-вка,0.11,0.11,0.1,0.1,0.16,1.86,2.09,2.02,5.48,3.62,5.56,1.2,3.71,2.15,1.4,4.06,2.47,5.89,5.56,5.68,2
CS1,П-тки,Мик-вка,0.11,0.11,0.1,0.1,0.16,3.47,3.81,5.45,1.4,4.02,4.18,3.59,1.38,5.66,4.16,5.3,5.94,3.0,5.99,5.14,2
CS1,П-тки,Мик-вка,0.11,0.11,0.1,0.1,0.16,4.24,2.41,3.31,5.41,3.33,4.14,4.91,4.39,4.0,5.8,4.51,5.57,2.41,2.94,1.3,2
CS1,П-тки,Мик-вка,0.11,0.11,0.1,0.1,0.16,3.17,3.25,5.38,5.37,4.44,5.23,4.76,3.25,3.01,2.55,1.55,2.82,1.98,3.32,5.92,2
CS1,П-тки,Мик-вка,0.11,0.11,0.1,0.1,0.16,5.58,2.5,3.2,2.4,3.94,5.41,3.49,4.43,4.04,2.86,2.38,4.78,5.95,3.19,5.1,2
CS1,П-тки,Мик-вка,0.11,0.11,0.1,0.1,0.16,4.69,2.86,2.18,5.05,3.93,3.11,2.8,3.67,4.7,1.48,2.61,2.76,3.79,1.18,1.05,2
CS1,П-тки,Мик-вка,0.11,0.11,0.1,0.1,0.16,4.79,1.27,1.18,1.64,2.55,5.92,2.85,4.05,3.99,2.54,3.62,2.57,2.47,4.62,1.73,2
CS2,КР,Павлоград,0.11,0.11,0.1,0.1,0.16,2.83,1.17,3.31,4.71,4.11,5.52,5.34,1.36,3.44,4.1,2.44,5.87,1.54,4.95,4.14,4
CS2,КР,Павлоград,0.11,0.11,0.1,0.1,0.16,5.04,2.49,4.45,3.9,2.38,2.49,3.9,1.36,3.09,3.83,4.84,4.82,5.25,2.51,5.98,4
CS2,КР,Павлоград,0.11,0.11,0.1,0.1,0.16,3.18,5.33,1.67,3.47,5.51,4.93,5.92,4.56,5.46,2.0,4.21,2.69,5.68,4.49,1.74,4
CS0,КР,Павлоград,0.11,0.11,0.1,0.1,0.16,3.87,5.95,3.15,3.84,4.32,1.8,1.29,2.86,3.66,4.07,4.56,2.51,3.67,1.61,5.46,0
CS1,КР,Павлоград,0.11,0.11,0.1,0.1,0.16,3.13,5.74,3.72,1.98,5.98,2.92,2.61,1.98,4.67,2.8,4.45,3.23,1.93,3.03,5.91,2
CS2,КР,Павлоград,0.11,0.11,0.1,0.1,0.16,1.38,2.9,1.68,3.41,4.04,3.65,2.35,5.2,1.57,1.44,5.45,1.16,5.51,3.88,3.84,4
CS0,КР,Павлоград,0.11,0.11,0.1,0.1,0.16,4.85,5.71,2.45,3.8,1.61,3.38,3.18,1.74,2.05,3.87,5.08,4.46,4.19,2.42,5.7,0
CS2,КР,Павлоград,0.11,0.11,0.1,0.1,0.16,1.37,3.07,2.32,3.49,1.54,4.29,1.27,2.4,4.06,2.58,4.83,1.03,5.13,5.36,3.96,4
CS0,КР,Павлоград,0.11,0.11,0.1,0.1,0.16,1.2,5.52,3.43,1.16,5.75,3.99,4.44,2.12,2.84,4.01,2.43,2.76,1.89,3.23,1.97,0
CS0,КР,Павлоград,0.11,0.11,0.1,0.1,0.16,1.54,3.86,2.07,5.46,1.69,1.28,5.75,5.61,3.12,2.99,5.53,1.72,2.01,3.73,2.81,0
CS1,КР,Павлоград,0.11,0.11,0.1,0.1,0.16,5.56,3.12,3.68,5.94,2.18,2.58,3.46,1.62,1.57,4.61,2.94,1.28,5.11,1.98,2.84,2
CS0,КР,Павлоград,0.11,0.11,0.1,0.1,0.16,1.34,4.79,5.98,4.49,1.15,4.91,4.85,5.12,2.76,3.92,4.39,2.08,3.63,4.61,3.64,0
CS2,КР,Павлоград,0.11,0.11,0.1,0.1,0.16,1.68,3.52,2.97,2.43,5.18,4.68,4.19,2.55,1.55,4.39,5.4,4.02,1.79,1.83,3.11,4
CS0,КР,Павлоград,0.11,0.11,0.1,0.1,0.16,1.5,5.87,4.72,5.04,5.08,3.74,2.75,2.61,1.43,3.78,3.04,1.41,1.65,1.1,2.18,0
CS2,КР,Павлоград,0.11,0.11,0.1,0.1,0.16,3.25,1.29,4.7,5.67,4.42,4.28,5.06,3.68,2.91,5.08,5.96,1.39,2.5,3.52,3.38,4
CS2,КР,Павлоград,0.11,0.11,0.1,0.1,0.16,5.68,3.2,1.62,1.33,5.61,1.74,4.73,5.84,3.8,1.27,3.71,2.54,3.25,5.96,4.81,4
CS1,КР,Павлоград,0.11,0.11,0.1,0.1,0.16,5.21,1.79,1.05,5.27,4.95,5.82,4.39,3.96,2.79,1.4,5.23,5.94,4.77,1.83,1.32,2
CS2,КР,Павлоград,0.11,0.11,0.1,0.1,0.16,2.44,5.21,5.62,2.57,3.02,4.17,4.91,4.22,5.27,3.73,1.95,2.5,3.43,4.07,1.86,4
CS1,КР,Павлоград,0.11,0.11,0.1,0.1,0.16,2.63,1.58,3.13,1.06,5.87,4.18,5.82,1.73,1.26,5.02,4.4,2.29,2.56,5.29,5.29,2
CS1,КР,Павлоград,0.11,0.11,0.1,0.1,0.16,2.39,4.14,3.07,1.65,5.25,2.93,5.95,3.39,3.25,4.82,3.09,5.45,4.2,5.43,1.91,2
CS2,КР,Павлоград,0.11,0.11,0.1,0.1,0.16,3.29,4.68,4.18,3.65,2.76,5.58,1.06,3.19,2.55,4.52,3.83,4.2,2.03,3.97,2.87,4
CS2,КР,Павлоград,0.11,0.11,0.1,0.1,0.16,4.41,1.51,3.84,2.21,1.67,3.21,4.49,3.14,3.32,1.59,4.07,3.25,2.27,5.31,2.02,4
CS2,КР,Павлоград,0.11,0.11,0.1,0.1,0.16,4.85,1.13,4.25,5.78,5.41,5.36,5.94,3.5,5.32,4.99,1.26,2.09,4.63,5.21,3.8,4
CS2,КР,Павлоград,0.11,0.11,0.1,0.1,0.16,4.08,4.54,4.65,2.67,4.55,2.88,2.8,3.61,5.93,2.66,4.76,4.28,5.66,5.02,5.12,4
CS2,КР,Павлоград,0.11,0.11,0.1,0.1,0.16,4.07,3.73,2.1,5.98,5.06,4.08,5.49,2.83,1.33,5.21,4.65,2.72,4.31,5.24,1.08,4
CS1,КР,Павлоград,0.11,0.11,0.1,0.1,0.16,3.38,5.91,1.89,1.57,5.04,2.44,2.87,5.02,1.47,3.91,5.55,1.41,4.24,4.47,4.66,2
CS0,КР,Павлоград,0.11,0.11,0.1,0.1,0.16,2.37,1.69,2.69,3.7,4.92,1.85,5.86,2.24,3.45,5.1,2.29,1.73,3.63,3.33,1.07,0
CS2,КР,Павлоград,0.11,0.11,0.1,0.1,0.16,1.58,4.31,5.04,5.79,5.97,3.4,5.61,2.2,2.16,5.11,1.81,5.33,3.2,3.63,5.11,4
CS2,КР,Павлоград,0.11,0.11,0.1,0.1,0.16,2.91,5.83,5.47,4.74,4.54,3.08,2.13,5.91,4.12,5.24,2.26,5.21,1.64,1.13,5.63,4
CS2,КР,Павлоград,0.11,0.11,0.1,0.1,0.16,2.48,2.68,3.29,4.64,4.96,3.84,2.18,4.56,4.92,4.48,5.12,5.2,5.67,4.58,2.26,4
CS0,КР,Павлоград,0.11,0.11,0.1,0.1,0.16,5.28,3.57,1.84,3.82,5.92,3.44,1.2,5.34,1.58,2.23,1.84,1.7,1.43,5.05,4.71,0
CS2,КР,Павлоград,0.11,0.11,0.1,0.1,0.16,3.67,5.1,1.64,5.51,5.47,5.07,5.35,5.33,1.25,5.78,5.9,5.32,1.16,4.29,3.8,4
CS1,КР,Павлоград,0.11,0.11,0.1,0.1,0.16,1.87,1.35,5.66,5.71,4.67,1.84,2.31,4.57,1.01,2.15,4.08,5.43,1.79,4.04,4.69,2
CS0,КР,Павлоград,0.11,0.11,0.1,0.1,0.16,3.65,5.18,3.69,1.34,3.45,4.18,5.65,2.06,5.43,1.76,5.37,3.19,4.99,2.83,3.29,0
CS2,КР,Павлоград,0.11,0.11,0.1,0.1,0.16,1.27,5.45,2.64,2.73,2.23,4.21,5.2,1.63,5.81,3.83,4.3,4.3,2.95,1.67,5.42,4
CS2,КР,Павлоград,0.11,0.11,0.1,0.1,0.16,3.08,2.48,5.28,3.74,3.55,2.11,2.83,3.6,3.29,1.21,2.78,4.6,4.78,2.44,2.69,4
CS1,КР,Павлоград,0.11,0.11,0.1,0.1,0.16,2.24,2.17,1.94,2.71,4.15,4.4,5.92,4.5,5.23,3.77,5.39,3.78,5.96,2.04,4.62,2
CS0,КР,Павлоград,0.11,0.11,0.1,0.1,0.16,3.89,2.03,4.99,3.33,5.51,2.44,4.52,2.84,2.99,5.85,3.14,1.16,5.43,2.92,4.15,0
CS0,КР,Павлоград,0.11,0.11,0.1,0.1,0.16,5.61,4.62,3.16,3.25,3.22,2.14,5.53,5.16,4.64,3.01,3.84,4.75,3.41,2.32,4.54,0
CS1,КР,Павлоград,0.11,0.11,0.1,0.1,0.16,4.26,5.53,2.76,4.69,4.9,2.54,4.52,3.99,2.37,4.59,2.19,2.62,3.19,1.72,3.38,2
CS1,КР,Павлоград,0.11,0.11,0.1,0.1,0.16,1.54,4.87,4.1,3.31,5.1,4.45,1.79,3.71,5.6,1.16,5.96,5.14,5.85,4.41,3.67,2
CS1,КР,Павлоград,0.11,0.11,0.1,0.1,0.16,2.87,5.32,5.32,4.16,2.66,4.99,5.56,4.99,3.34,3.4,2.4,4.0,3.72,4.69,3.63,2
CS0,КР,Павлоград,0.11,0.11,0.1,0.1,0.16,2.52,2.07,1.35,2.42,4.33,1.24,5.02,5.82,2.55,1.35,4.87,4.18,5.68,4.56,3.78,0
CS1,КР,Павлоград,0.11,0.11,0.1,0.1,0.16,3.13,2.39,1.74,5.13,2.49,5.54,5.6,4.7,3.24,5.25,2.94,2.66,2.99,4.66,1.61,2
CS0,КР,Павлоград,0.11,0.11,0.1,0.1,0.16,1.43,4.41,2.28,2.89,2.38,2.32,1.87,3.53,1.5,4.36,3.75,5.97,3.92,1.1,5.02,0
CS1,КР,Павлоград,0.11,0.11,0.1,0.1,0.16,2.28,1.03,2.93,2.44,4.64,3.65,4.59,5.54,1.51,2.45,2.61,3.83,3.41,2.67,1.47,2
CS0,КР,Павлоград,0.11,0.11,0.1,0.1,0.16,1.86,4.41,2.31,1.67,3.99,3.02,3.93,5.72,4.73,2.07,3.5,2.55,5.22,3.9,3.07,0
CS0,КР,Павлоград,0.11,0.11,0.1,0.1,0.16,3.34,5.76,3.27,4.28,2.0,3.23,5.47,5.95,2.3,2.16,4.41,4.86,5.03,2.89,3.11,0
CS0,КР,Павлоград,0.11,0.11,0.1,0.1,0.16,1.58,3.66,3.38,3.99,3.71,5.98,5.18,4.92,5.9,4.23,1.92,4.07,1.1,4.76,1.99,0
CS0,КР,Павлоград,0.11,0.11,0.1,0.1,0.16,5.43,2.18,1.74,1.53,5.1,2.22,2.93,5.74,1.41,5.33,3.23,5.85,1.08,2.12,5.26,0
CS1,КР,Павлоград,0.11,0.11,0.1,0.1,0.16,1.47,1.67,5.4,5.09,2.49,4.81,4.2,5.14,5.59,1.64,3.32,4.61,4.73,1.24,4.24,2
CS1,КР,Павлоград,0.11,0.11,0.1,0.1,0.16,5.03,3.08,2.6,1.31,5.78,1.17,4.03,1.85,1.19,3.61,5.87,1.63,3.99,1.16,3.23,2
CS0,КР,Павлоград,0.11,0.11,0.1,0.1,0.16,4.26,4.92,3.76,3.03,3.74,1.07,1.38,1.36,3.09,3.49,5.21,2.93,4.58,2.15,3.98,0
CS0,КР,Павлоград,0.11,0.11,0.1,0.1,0.16,2.04,4.17,4.14,3.9,4.37,1.93,3.4,5.43,2.08,5.57,5.18,1.72,5.15,5.26,1.1,0
CS0,КР,Павлоград,0.11,0.11,0.1,0.1,0.16,2.72,1.42,5.63,4.59,5.79,2.56,5.73,3.3,4.45,3.18,5.69,4.37,1.36,3.22,4.87,0
CS1,КР,Павлоград,0.11,0.11,0.1,0.1,0.16,3.47,2.78,2.9,5.56,3.32,2.07,2.43,1.62,5.74,2.97,1.45,5.93,2.66,5.61,2.05,2
CS1,КР,Павлоград,0.11,0.11,0.1,0.1,0.16,2.9,6.0,4.18,1.27,2.07,5.66,5.27,3.55,4.97,4.52,2.2,2.44,1.62,2.95,1.68,2
CS1,КР,Павлоград,0.11,0.11,0.1,0.1,0.16,3.3,4.15,2.54,5.37,2.53,2.06,4.51,3.83,3.86,5.65,4.73,1.01,1.26,5.44,1.47,2
CS1,КР,Павлоград,0.11,0.11,0.1,0.1,0.16,3.27,3.18,1.59,2.12,2.28,5.36,2.2,1.3,5.91,1.07,5.8,1.06,5.08,3.73,1.59,2
CS1,КР,Павлоград,0.11,0.11,0.1,0.1,0.16,3.2,5.25,1.06,1.65,2.36,5.15,3.36,3.29,2.74,3.25,3.25,1.2,3.79,4.35,4.0,2
CS0,КР,Павлоград,0.11,0.11,0.1,0.1,0.17,5.19,3.89,4.9,4.83,4.46,4.47,2.14,3.35,3.61,1.3,1.04,3.82,4.79,5.12,4.06,1
CS0,КР,Павлоград,0.12,0.11,0.1,0.1,0.17,2.39,2.85,2.96,2.41,3.22,4.1,3.67,1.25,3.52,3.67,3.54,4.43,5.31,2.81,2.1,1
CS0,КР,Павлоград,0.12,0.11,0.1,0.1,0.17,1.41,1.19,3.58,3.28,2.81,1.69,5.16,3.07,1.19,4.83,4.84,5.69,3.38,5.27,3.98,1
CS0,КР,Павлоград,0.12,0.11,0.1,0.1,0.17,2.63,5.77,2.49,4.16,1.95,5.56,1.45,1.57,4.0,5.55,5.6,5.4,1.71,3.84,1.23,1
CS0,КР,Павлоград,0.12,0.11,0.1,0.1,0.17,4.59,2.33,1.35,5.84,3.84,3.36,1.55,2.63,2.11,3.36,5.85,1.02,4.6,5.35,5.24,1
CS0,КР,Павлоград,0.12,0.11,0.1,0.1,0.17,5.18,3.31,5.63,2.97,3.66,1.65,4.52,5.47,1.78,2.47,4.79,5.11,2.09,3.88,4.56,1
CS0,КР,Павлоград,0.12,0.11,0.1,0.1,0.17,5.46,4.6,1.2,1.41,3.96,1.65,3.47,3.03,5.73,1.89,2.55,4.97,2.64,2.11,3.86,1
CS0,КР,Павлоград,0.12,0.11,0.1,0.1,0.17,2.89,2.91,1.95,3.07,5.62,1.34,4.19,5.4,2.45,3.91,4.6,1.37,5.77,1.83,4.94,1
CS0,КР,Павлоград,0.12,0.11,0.1,0.1,0.17,4.85,1.57,1.97,4.78,5.65,1.0,4.75,3.27,5.33,5.82,4.73,4.42,2.34,4.29,1.41,1
CS0,КР,Павлоград,0.12,0.11,0.1,0.1,0.17,4.83,5.42,1.07,5.94,1.95,3.97,1.52,4.93,3.89,5.95,3.31,5.61,1.39,4.36,2.09,1
CS0,КР,Павлоград,0.12,0.11,0.1,0.1,0.17,1.78,4.81,4.5,2.56,4.06,3.59,2.64,2.92,3.28,4.15,1.79,1.87,2.77,1.62,1.3,1
CS0,КР,Павлоград,0.12,0.11,0.1,0.1,0.17,3.85,5.24,1.11,3.29,4.41,4.71,2.13,1.95,2.81,2.34,4.42,5.35,2.0,4.72,3.09,1
CS0,КР,Павлоград,0.12,0.11,0.1,0.1,0.17,4.2,5.29,4.83,4.48,1.24,1.63,1.74,5.25,2.92,4.52,2.71,3.81,5.56,5.46,4.04,1
CS0,КР,Павлоград,0.12,0.11,0.1,0.1,0.17,3.3,3.02,2.44,5.5,2.96,4.59,4.46,4.52,4.86,4.55,3.5,1.7,2.18,4.22,5.04,1
CS0,КР,Павлоград,0.12,0.11,0.1,0.1,0.17,1.2,5.4,4.35,5.67,5.95,1.72,4.13,4.23,2.28,2.86,3.12,4.15,4.08,3.29,2.94,1
CS0,КР,Павлоград,0.12,0.11,0.1,0.1,0.17,5.28,4.95,3.96,3.7,4.33,4.1,4.72,2.98,1.13,5.0,2.19,1.23,3.23,3.29,4.73,1
CS0,КР,Павлоград,0.12,0.11,0.1,0.1,0.17,1.76,2.97,4.5,3.95,5.51,1.22,2.54,5.18,3.16,3.94,2.89,4.14,2.04,3.68,3.14,1
CS0,КР,Павлоград,0.12,0.11,0.1,0.1,0.17,1.23,4.66,3.14,3.4,4.98,2.63,2.72,2.38,1.49,4.81,3.16,2.73,4.59,1.16,3.94,1
CS0,КР,Павлоград,0.12,0.11,0.1,0.1,0.17,4.26,5.82,5.31,5.15,2.22,2.57,4.25,5.27,3.22,3.58,5.74,3.93,2.35,5.46,5.03,1
CS0,КР,Павлоград,0.12,0.11,0.1,0.1,0.17,3.9,2.81,5.83,4.92,3.15,3.67,4.89,2.18,5.98,4.48,1.33,4.35,4.7,2.25,1.86,1
CS1,КР,Павлоград,0.12,0.11,0.1,0.1,0.17,5.19,1.77,4.71,1.82,3.97,3.49,1.8,4.3,1.53,5.29,4.75,4.42,5.16,4.57,4.23,3
CS1,КР,Павлоград,0.12,0.11,0.11,0.1,0.17,1.22,2.35,4.85,4.43,2.12,2.22,2.41,5.07,1.16,5.68,5.28,5.59,4.79,2.74,4.85,3
CS1,КР,Павлоград,0.12,0.11,0.11,0.1,0.17,5.18,5.3,5.55,2.08,1.29,4.61,2.65,2.37,4.82,4.47,5.44,1.39,3.86,1.87,2.4,3
CS1,КР,Павлоград,0.12,0.11,0.11,0.1,0.17,2.1,2.33,3.72,3.18,3.85,1.46,4.63,3.09,3.15,2.15,2.42,1.08,1.2,2.95,2.03,3
CS1,КР,Павлоград,0.12,0.11,0.11,0.1,0.17,4.01,2.01,5.33,1.24,4.24,4.94,5.16,1.32,4.64,5.46,5.72,3.6,4.61,3.7,4.97,3
CS1,КР,Павлоград,0.12,0.11,0.11,0.1,0.17,2.5,2.14,1.62,4.94,2.91,5.27,3.72,2.26,3.53,4.33,1.36,2.32,5.95,3.85,1.93,3
CS1,КР,Павлоград,0.12,0.11,0.11,0.1,0.17,2.17,5.15,3.99,4.08,1.85,5.26,4.98,3.01,3.78,2.06,2.11,1.25,1.26,3.9,3.07,3
CS1,КР,Павлоград,0.12,0.11,0.11,0.1,0.17,2.31,2.07,3.66,4.33,4.14,1.19,5.11,3.33,1.01,2.18,2.42,4.01,2.01,4.91,5.77,3
CS1,КР,Павлоград,0.12,0.11,0.11,0.1,0.17,2.42,4.99,3.9,2.93,3.22,2.03,3.35,2.7,2.88,1.77,5.91,1.29,4.16,2.84,1.14,3
CS1,КР,Павлоград,0.12,0.11,0.11,0.1,0.17,1.8,5.02,4.85,2.86,4.86,4.46,3.52,2.75,5.46,5.43,1.38,3.8,4.11,3.73,4.38,3
CS1,КР,Павлоград,0.12,0.11,0.11,0.1,0.17,4.8,4.7,5.73,3.07,1.1,1.04,3.85,1.23,2.26,4.61,1.57,5.37,5.18,3.64,3.36,3
CS1,КР,Павлоград,0.12,0.11,0.11,0.1,0.17,2.6,2.83,2.79,5.21,1.06,4.31,2.04,4.2,3.81,5.78,2.01,5.19,3.12,5.25,5.14,3
CS1,КР,Павлоград,0.12,0.11,0.11,0.1,0.17,2.15,3.23,4.86,4.79,2.32,3.48,2.67,1.99,1.63,2.67,3.83,1.5,4.05,4.88,5.01,3
CS1,КР,Павлоград,0.12,0.11,0.11,0.1,0.17,2.89,3.92,2.33,5.04,3.88,2.63,3.62,2.87,1.32,3.04,5.2,4.17,4.14,4.92,4.73,3
CS1,КР,Павлоград,0.12,0.11,0.11,0.1,0.17,5.45,1.24,1.44,1.79,4.72,1.42,2.72,3.48,3.48,5.17,1.51,2.05,4.57,1.29,3.89,3
CS1,КР,Павлоград,0.12,0.11,0.11,0.1,0.17,2.15,2.0,5.63,1.35,1.14,1.74,5.39,5.67,3.6,3.17,2.69,2.3,2.22,4.1,3.79,3
CS1,КР,Павлоград,0.12,0.11,0.11,0.1,0.17,2.01,5.09,1.71,3.26,1.3,5.92,1.8,4.8,3.16,4.03,1.32,5.71,1.42,1.82,1.67,3
CS1,КР,Павлоград,0.12,0.11,0.11,0.1,0.17,1.41,4.56,2.13,5.75,2.77,1.27,5.96,3.97,2.11,3.29,5.09,5.9,3.52,5.85,2.38,3
CS1,КР,Павлоград,0.12,0.11,0.11,0.1,0.17,4.73,5.87,5.17,4.52,2.14,2.6,3.33,4.04,3.46,4.88,5.94,5.06,1.99,3.57,5.44,3
CS1,КР,Павлоград,0.12,0.11,0.11,0.1,0.17,2.35,3.05,5.04,1.31,5.45,3.85,1.63,2.11,3.26,4.32,2.72,3.92,2.7,2.74,3.43,3
CS1,КР,Мик-вка,0.12,0.11,0.11,0.1,0.17,2.99,4.36,1.52,1.43,4.89,2.86,5.2,2.59,5.27,3.75,3.29,4.55,2.09,1.46,3.99,3
CS2,КР,Мик-вка,0.12,0.11,0.11,0.1,0.17,5.87,5.16,4.88,5.36,5.1,1.34,4.54,4.64,2.26,3.86,1.61,4.54,1.36,5.17,3.71,4
CS0,КР,Мик-вка,0.12,0.11,0.11,0.1,0.17,4.51,2.89,1.02,1.33,1.71,2.67,1.67,5.74,5.28,4.03,3.61,2.6,5.23,2.1,2.93,1
CS1,КР,Мик-вка,0.12,0.11,0.11,0.1,0.17,1.81,5.28,5.16,3.87,2.08,1.08,4.25,3.56,5.03,4.06,4.39,1.31,4.15,5.27,5.74,3
CS2,КР,Мик-вка,0.12,0.11,0.11,0.1,0.17,5.93,5.38,3.84,5.37,4.91,1.78,4.87,5.95,5.63,2.57,1.13,1.31,1.89,5.61,5.73,4
CS0,КР,Мик-вка,0.12,0.11,0.11,0.1,0.17,4.82,5.89,5.86,5.3,5.68,5.72,2.59,2.63,4.65,1.39,1.9,5.13,5.21,2.74,4.45,1
CS1,КР,Мик-вка,0.12,0.11,0.11,0.1,0.17,5.45,2.95,5.37,4.82,5.87,1.61,5.18,3.43,1.64,5.7,4.34,3.16,3.49,4.55,5.02,3
CS2,КР,Мик-вка,0.12,0.11,0.11,0.1,0.17,1.29,5.29,5.41,1.0,3.95,2.4,5.53,1.25,2.41,4.55,1.68,4.81,5.92,3.0,5.59,4
CS0,КР,Мик-вка,0.12,0.11,0.11,0.1,0.17,5.66,1.78,5.36,3.97,3.8,1.84,4.98,4.86,3.26,2.75,5.02,2.42,1.9,3.89,3.58,1
CS1,КР,Мик-вка,0.12,0.11,0.11,0.1,0.17,5.28,4.92,1.85,2.52,1.58,4.56,3.6,4.86,3.41,3.17,2.08,2.05,2.76,4.43,3.28,3
CS0,КР,Мик-вка,0.12,0.11,0.11,0.1,0.17,3.7,2.36,4.03,1.02,5.26,1.66,5.18,3.02,5.94,1.07,3.05,4.99,1.39,2.78,5.68,1
CS0,КР,Мик-вка,0.12,0.11,0.11,0.1,0.17,5.31,2.64,3.84,2.93,2.69,3.89,3.82,1.84,3.9,3.65,2.65,3.84,3.54,3.29,5.92,1
CS1,КР,Мик-вка,0.12,0.11,0.11,0.1,0.17,3.27,2.32,4.66,2.39,3.28,5.12,1.61,2.78,5.43,2.69,5.35,3.94,4.52,1.77,4.97,3
CS1,КР,Мик-вка,0.12,0.11,0.11,0.1,0.17,3.07,1.42,1.85,3.38,5.27,5.03,3.43,2.37,5.94,3.81,3.65,1.79,2.07,2.52,4.74,3
CS1,КР,Мик-вка,0.12,0.11,0.11,0.1,0.17,4.09,5.8,4.0,4.67,5.61,5.96,3.06,2.22,3.04,3.68,5.44,2.79,2.91,4.47,2.88,3
CS1,КР,Мик-вка,0.12,0.11,0.11,0.1,0.17,4.01,2.52,4.72,1.86,1.5,4.22,3.55,2.29,1.2,5.16,3.89,5.18,2.62,4.38,4.64,3
CS1,КР,Мик-вка,0.12,0.11,0.11,0.1,0.17,2.58,1.8,2.14,1.9,3.53,4.63,5.46,5.55,1.21,5.53,5.67,5.97,5.53,1.37,3.53,3
CS0,КР,Мик-вка,0.12,0.11,0.11,0.1,0.17,5.99,5.55,2.08,4.04,1.0,2.22,5.14,3.53,1.53,5.92,2.15,1.15,1.33,1.06,2.85,1
CS1,КР,Мик-вка,0.12,0.11,0.11,0.1,0.17,4.5,3.24,4.73,1.15,1.39,4.61,4.78,3.86,2.01,3.25,3.64,5.37,4.27,5.84,4.9,3
CS1,КР,Мик-вка,0.12,0.11,0.11,0.1,0.17,3.33,1.45,2.36,4.54,5.04,4.71,1.16,3.17,1.67,4.15,2.35,1.81,2.05,3.83,2.2,3
CS1,КР,Мик-вка,0.12,0.11,0.11,0.1,0.17,2.63,5.2,2.52,4.16,1.21,2.57,5.59,2.63,3.08,5.69,4.6,3.21,5.91,3.04,2.57,3
CS2,КР,Мик-вка,0.12,0.11,0.11,0.1,0.17,5.62,3.14,4.32,3.32,4.53,3.34,3.16,3.74,2.3,2.95,5.29,2.46,2.19,3.93,2.27,4
CS2,КР,Мик-вка,0.12,0.11,0.11,0.1,0.17,2.91,4.56,3.8,3.97,2.43,5.4,1.53,2.82,2.34,4.24,5.98,3.81,1.79,1.68,2.78,4
CS2,КР,Мик-вка,0.12,0.11,0.11,0.1,0.17,1.21,5.25,2.58,4.29,1.36,3.53,1.6,3.93,5.39,5.83,3.36,4.77,1.86,2.53,2.78,4
CS1,КР,Мик-вка,0.12,0.11,0.11,0.1,0.17,1.41,5.5,1.67,1.92,2.21,3.8,2.43,5.35,4.1,1.68,3.06,3.81,4.79,1.16,1.04,3
CS0,КР,Мик-вка,0.12,0.11,0.11,0.1,0.17,1.34,1.74,2.17,5.55,2.32,5.86,2.66,3.95,3.14,3.34,1.76,1.16,3.53,3.09,4.4,1
CS0,КР,Мик-вка,0.12,0.11,0.11,0.1,0.17,4.27,1.57,4.59,5.7,5.88,5.63,1.4,5.68,2.68,1.35,3.59,3.79,3.52,3.89,4.85,1
CS0,КР,Мик-вка,0.12,0.11,0.11,0.1,0.17,2.61,1.88,5.59,5.22,3.0,1.04,3.37,4.5,1.62,4.55,1.07,4.23,2.54,3.74,1.69,1
CS1,КР,Мик-вка,0.12,0.11,0.11,0.1,0.17,1.62,4.14,3.21,2.12,5.7,1.15,1.73,5.4,5.83,2.12,1.62,2.61,1.14,1.01,5.87,3
CS0,КР,Мик-вка,0.12,0.11,0.11,0.1,0.17,1.87,2.68,1.67,5.27,5.64,1.45,3.87,3.28,4.17,1.58,1.64,4.99,3.7,3.9,2.96,1
CS0,КР,Мик-вка,0.12,0.11,0.11,0.1,0.17,5.88,2.19,2.34,3.86,2.96,1.15,2.61,1.96,4.04,1.43,5.21,2.37,3.29,2.41,2.52,1
CS1,КР,Мик-вка,0.12,0.11,0.11,0.1,0.17,4.28,1.73,4.96,2.8,4.23,1.12,3.65,5.21,4.62,4.66,4.29,3.25,3.22,3.71,4.3,3
CS2,КР,Мик-вка,0.12,0.11,0.11,0.1,0.17,2.1,4.15,5.42,1.4,4.2,3.73,1.73,4.63,4.54,1.59,4.11,2.62,5.87,1.66,1.95,4
CS1,КР,Мик-вка,0.12,0.11,0.11,0.1,0.17,1.53,2.82,2.13,1.23,3.74,2.12,4.54,1.0,2.76,4.14,3.78,4.43,5.84,2.9,4.69,3
CS2,КР,Мик-вка,0.12,0.11,0.11,0.1,0.17,2.85,4.94,5.68,4.13,2.56,4.57,1.62,5.91,2.42,5.0,3.85,4.84,4.44,3.53,3.82,4
CS1,КР,Мик-вка,0.12,0.11,0.11,0.1,0.17,3.13,2.08,4.83,2.04,5.29,2.67,1.49,2.73,1.37,3.11,4.3,4.28,1.49,3.43,2.78,3
CS0,КР,Мик-вка,0.12,0.11,0.11,0.1,0.17,5.9,2.9,5.72,5.97,2.79,5.25,3.82,4.35,5.62,4.56,1.68,1.2,4.06,5.16,1.69,1
CS1,КР,Мик-вка,0.12,0.11,0.11,0.1,0.17,3.17,4.34,5.82,4.27,5.64,3.38,1.23,2.54,4.91,3.72,4.07,1.42,3.89,5.09,2.27,3
CS0,КР,Мик-вка,0.12,0.11,0.11,0.1,0.17,2.19,3.88,5.68,4.21,4.38,1.58,2.86,3.17,4.65,4.93,1.11,4.53,5.52,1.6,2.66,1
CS0,КР,Мик-вка,0.12,0.11,0.11,0.1,0.17,3.09,3.84,3.64,4.9,1.27,5.47,3.44,5.93,5.43,2.37,5.33,4.04,4.67,2.88,4.74,1
CS0,КР,Мик-вка,0.12,0.11,0.11,0.1,0.17,3.62,1.01,4.2,5.02,4.77,4.76,3.88,1.07,4.31,4.79,3.92,4.82,3.18,1.65,4.18,1
CS1,КР,Мик-вка,0.12,0.11,0.11,0.1,0.17,2.74,4.89,2.3,4.38,1.52,4.23,1.75,1.91,2.94,1.8,4.66,5.84,4.22,2.1,1.33,3
CS1,КР,Мик-вка,0.12,0.11,0.11,0.1,0.17,1.91,2.02,1.67,4.94,2.6,2.16,5.09,2.5,5.78,1.86,4.14,5.47,2.24,1.33,2.06,3
CS2,КР,Мик-вка,0.12,0.11,0.11,0.1,0.17,3.24,1.13,2.77,2.25,5.24,3.05,4.79,5.57,3.29,4.98,3.59,3.55,2.1,5.66,2.58,4
CS0,КР,Мик-вка,0.12,0.11,0.11,0.1,0.17,1.58,4.27,1.93,3.66,2.79,2.44,1.99,1.07,4.87,4.76,2.85,5.01,4.01,2.07,3.43,1
CS2,КР,Мик-вка,0.12,0.11,0.11,0.1,0.17,5.41,1.99,1.33,4.2,2.61,4.0,3.24,4.53,5.93,5.2,2.18,2.6,4.14,1.6,1.8,4
CS2,КР,Мик-вка,0.12,0.11,0.11,0.1,0.17,5.64,1.84,5.98,2.08,5.91,2.48,3.07,5.06,1.18,2.84,3.82,3.98,1.45,3.15,1.18,4
CS0,КР,Мик-вка,0.12,0.11,0.11,0.1,0.17,4.63,2.26,4.08,1.95,5.75,2.8,2.4,2.56,1.12,1.65,1.51,4.5,4.06,3.55,2.86,1
CS2,КР,Мик-вка,0.12,0.11,0.11,0.1,0.17,2.62,5.15,4.42,3.28,3.22,4.3,1.69,2.12,2.91,4.97,3.28,2.24,4.47,4.49,3.77,4
CS2,КР,Мик-вка,0.12,0.11,0.11,0.1,0.17,2.2,2.69,1.56,1.17,5.36,3.15,2.0,5.5,5.44,2.38,4.94,3.77,3.24,2.45,1.4,4
CS0,КР,Мик-вка,0.12,0.11,0.11,0.1,0.17,4.64,3.0,3.83,4.68,4.56,2.82,5.53,2.9,5.42,1.77,5.28,2.72,1.47,4.7,4.47,1
CS2,КР,Мик-вка,0.12,0.11,0.11,0.1,0.17,4.42,3.18,4.87,1.22,1.78,3.57,3.88,1.78,5.04,5.11,3.37,4.44,1.59,3.59,5.74,4
CS0,КР,Мик-вка,0.12,0.11,0.11,0.1,0.17,4.76,3.49,1.53,5.33,5.98,3.69,1.4,2.87,1.02,2.37,4.48,1.75,2.08,3.16,3.28,1
CS2,КР,Мик-вка,0.12,0.11,0.11,0.1,0.17,2.47,3.75,4.96,5.52,4.45,1.49,3.25,4.47,1.58,4.42,4.91,1.51,1.52,2.93,1.83,4
CS0,КР,Мик-вка,0.12,0.11,0.11,0.1,0.17,3.7,4.7,1.63,3.32,1.42,3.32,5.65,2.71,3.39,5.96,4.89,3.89,1.24,3.55,1.24,1
CS2,КР,Мик-вка,0.12,0.11,0.11,0.1,0.17,5.23,5.15,2.14,4.6,2.53,5.33,3.11,2.47,2.29,4.44,5.58,1.55,2.1,2.71,3.15,4
CS2,КР,Мик-вка,0.12,0.11,0.11,0.1,0.17,4.98,2.62,2.75,6.0,3.63,5.89,4.27,4.47,4.21,1.37,2.01,1.92,2.13,5.66,5.47,4
CS2,КР,Мик-вка,0.12,0.11,0.11,0.1,0.17,2.05,3.03,1.21,2.2,2.0,1.76,1.91,2.5,5.34,2.58,1.8,1.01,5.53,5.91,1.87,4
CS2,КР,Мик-вка,0.12,0.11,0.11,0.1,0.17,5.84,4.92,3.26,2.14,3.49,2.43,5.08,3.37,3.15,1.68,2.14,4.64,1.99,2.55,1.64,4
CS2,КР,Мик-вка,0.12,0.11,0.11,0.1,0.17,1.42,5.39,5.87,4.73,1.87,3.66,5.16,4.43,1.07,2.43,4.89,2.29,5.79,5.45,1.87,4
CS0,КР,Мик-вка,0.12,0.11,0.11,0.1,0.18,5.22,3.83,5.69,2.47,3.13,4.65,3.72,4.69,4.45,5.3,4.01,5.8,3.9,5.01,2.37,0
CS0,КР,Мик-вка,0.12,0.12,0.11,0.1,0.18,4.44,5.29,5.55,5.9,4.28,4.58,2.94,5.56,2.0,3.33,5.81,1.15,4.23,1.71,2.63,0
CS0,КР,Мик-вка,0.12,0.12,0.11,0.1,0.18,4.59,2.57,1.55,4.44,4.34,3.15,5.35,5.51,3.0,1.35,1.27,5.54,4.69,3.07,2.54,0
CS0,КР,Мик-вка,0.12,0.12,0.11,0.1,0.18,2.9,5.11,1.51,4.25,2.78,2.88,1.07,5.63,3.47,5.35,2.85,1.28,1.53,3.76,3.55,0
CS0,КР,Мик-вка,0.12,0.12,0.11,0.1,0.18,1.15,1.55,5.88,1.08,5.83,2.02,2.34,1.19,1.06,2.85,3.86,3.12,5.69,5.41,3.7,0
CS0,КР,Мик-вка,0.12,0.12,0.11,0.1,0.18,1.1,5.37,5.26,5.76,2.46,1.06,1.02,1.14,5.17,2.12,2.51,3.37,2.48,2.71,5.53,0
CS0,КР,Мик-вка,0.12,0.12,0.11,0.1,0.18,5.86,5.33,5.87,3.67,5.88,1.08,5.94,2.36,4.84,5.93,5.83,3.81,1.79,4.31,1.03,0
CS1,КР,Мик-вка,0.12,0.12,0.11,0.1,0.18,2.35,5.95,4.54,2.89,4.48,5.3,2.73,5.36,1.5,5.73,3.9,1.04,5.06,5.0,1.49,2
CS0,КР,Мик-вка,0.12,0.12,0.11,0.11,0.18,5.94,4.02,3.62,4.84,2.46,5.98,3.29,3.33,4.72,2.08,4.9,5.75,3.12,4.26,3.57,0
CS0,КР,Мик-вка,0.12,0.12,0.11,0.11,0.18,4.36,2.12,3.75,1.26,2.36,4.57,4.36,4.73,4.88,1.27,3.27,1.27,1.3,5.81,5.92,0
CS0,КР,Мик-вка,0.12,0.12,0.11,0.11,0.18,2.07,4.7,1.78,4.23,4.19,5.9,3.33,4.45,2.65,2.48,3.05,1.76,2.83,2.16,1.49,0
CS1,КР,Мик-вка,0.12,0.12,0.11,0.11,0.18,5.2,1.59,3.32,2.95,2.02,4.33,4.08,4.59,3.08,3.1,1.25,1.99,5.03,1.17,3.67,2
CS0,КР,Мик-вка,0.12,0.12,0.11,0.11,0.18,3.12,4.49,3.72,3.06,1.33,5.59,2.34,3.47,3.37,3.98,5.88,2.07,1.1,1.15,2.9,0
CS1,КР,Мик-вка,0.12,0.12,0.11,0.11,0.18,5.9,5.58,1.51,2.95,4.19,2.28,3.27,5.46,3.43,1.57,2.82,1.02,1.69,4.46,2.97,2
CS1,КР,Мик-вка,0.12,0.12,0.11,0.11,0.18,1.83,2.1,3.53,5.75,1.21,1.52,3.99,3.6,5.16,3.28,3.97,3.76,5.04,3.6,2.38,2
CS0,КР,Мик-вка,0.12,0.12,0.11,0.11,0.18,2.75,4.53,1.56,1.87,5.0,3.45,3.67,5.1,3.88,4.27,4.44,2.94,4.08,2.94,3.07,0
CS0,КР,Мик-вка,0.12,0.12,0.11,0.11,0.18,5.14,5.77,3.86,4.54,4.65,5.93,5.4,3.01,4.38,4.67,5.89,4.56,1.45,2.98,3.48,0
CS1,КР,Мик-вка,0.12,0.12,0.11,0.11,0.18,5.02,4.46,1.86,2.28,5.56,4.57,3.87,1.71,3.84,3.73,4.66,4.39,3.85,1.86,5.7,2
CS1,КР,Мик-вка,0.12,0.12,0.11,0.11,0.18,6.0,1.16,3.65,4.02,2.92,4.44,4.91,1.87,2.55,4.19,4.53,5.3,1.72,4.36,2.63,2
CS0,КР,Мик-вка,0.12,0.12,0.11,0.11,0.18,5.24,5.82,5.08,3.01,1.41,3.49,1.19,3.31,4.95,1.99,1.3,2.8,2.02,4.86,3.56,0
CS0,КР,Мик-вка,0.12,0.12,0.11,0.11,0.18,4.11,4.24,1.31,1.43,3.71,5.25,4.42,5.35,3.59,3.64,3.74,5.52,4.11,1.87,2.83,0
CS1,КР,Мик-вка,0.12,0.12,0.11,0.11,0.18,4.93,1.55,1.89,4.46,4.34,5.87,1.51,1.66,5.73,1.73,4.96,4.46,1.67,1.4,1.25,2
CS0,КР,Мик-вка,0.12,0.12,0.11,0.11,0.18,3.75,5.67,1.07,5.99,1.99,4.22,3.77,3.89,5.25,3.86,5.15,2.38,1.1,5.51,5.55,0
CS0,КР,Мик-вка,0.12,0.12,0.11,0.11,0.18,2.82,2.22,1.88,2.33,3.32,4.24,4.15,2.03,4.61,3.21,1.24,4.25,5.1,5.17,1.41,0
CS1,КР,Мик-вка,0.12,0.12,0.11,0.11,0.18,1.88,1.67,4.67,2.06,3.28,2.9,5.54,5.52,2.88,2.53,1.79,2.64,1.73,1.8,1.25,2
CS1,КР,Мик-вка,0.12,0.12,0.11,0.11,0.18,4.86,4.1,1.51,4.39,5.32,2.9,4.95,4.17,2.91,5.75,3.57,2.92,2.13,3.09,4.02,2
CS0,КР,Мик-вка,0.12,0.12,0.11,0.11,0.18,3.73,5.22,2.29,1.88,3.48,3.41,3.02,4.6,5.07,5.1,4.39,3.48,2.95,1.98,3.15,0
CS1,КР,Мик-вка,0.12,0.12,0.11,0.11,0.18,5.46,3.07,2.42,5.58,5.2,2.93,2.75,2.15,1.37,1.93,5.27,1.01,5.26,3.79,4.16,2
CS0,КР,Мик-вка,0.12,0.12,0.11,0.11,0.18,5.39,3.75,2.76,4.45,3.31,2.64,1.2,1.1,3.87,5.37,3.12,1.68,5.53,2.3,5.75,0
CS0,КР,Мик-вка,0.12,0.12,0.11,0.11,0.18,5.19,2.92,3.1,2.95,1.67,4.77,2.94,2.15,4.83,1.62,5.25,1.4,3.95,2.61,4.31,0
CS1,КР,Мик-вка,0.12,0.12,0.11,0.11,0.18,4.43,3.2,3.69,5.53,4.42,3.58,2.03,4.07,2.38,3.48,4.07,4.68,4.46,1.91,2.49,2
CS1,КР,Мик-вка,0.12,0.12,0.11,0.11,0.18,1.43,3.6,5.57,3.97,2.9,2.73,1.01,3.88,2.44,5.25,5.15,2.56,3.93,1.13,2.55,2
CS1,КР,Мик-вка,0.12,0.12,0.11,0.11,0.18,2.15,2.9,4.49,2.66,4.35,3.23,4.04,4.72,4.79,2.1,2.01,2.36,1.49,5.72,3.27,2
CS1,КР,Мик-вка,0.12,0.12,0.11,0.11,0.18,5.32,4.28,2.84,1.65,3.33,3.12,3.34,4.81,5.87,5.81,5.37,1.32,5.63,3.89,3.36,2
CS1,КР,Мик-вка,0.12,0.12,0.11,0.11,0.18,2.83,1.35,5.97,2.46,3.18,5.32,4.73,2.7,5.26,3.26,3.36,2.48,5.97,1.4,2.32,2
CS1,КР,Мик-вка,0.12,0.12,0.11,0.11,0.18,5.98,4.33,3.16,4.67,1.79,5.76,3.97,1.96,1.82,5.44,4.91,2.07,2.28,4.88,3.17,2
CS1,КР,Мик-вка,0.12,0.12,0.11,0.11,0.18,1.33,1.59,3.76,5.64,4.1,1.88,1.53,1.16,5.33,3.84,4.76,2.52,4.72,4.18,4.54,2
CS1,КР,Мик-вка,0.12,0.12,0.11,0.11,0.18,4.47,2.06,1.47,1.91,3.96,4.88,4.25,4.06,2.07,2.16,5.32,3.48,1.79,2.27,2.75,2
CS1,КР,Мик-вка,0.12,0.12,0.11,0.11,0.18,3.03,5.94,3.83,3.87,3.35,4.27,3.39,1.84,5.18,5.68,1.61,5.33,2.56,1.34,4.18,2
CS1,КР,Мик-вка,0.12,0.12,0.11,0.11,0.18,5.29,2.58,1.57,2.44,1.25,2.12,3.84,5.99,3.94,3.17,3.09,2.54,3.45,4.15,5.99,2
